seller_id,application_date,country,days_to_complete_company_details,days_to_complete_logistics,days_to_upload_license,days_to_sign_agreement,total_onboarding_days,followup_count,days_since_last_followup,reached_activation,churned,days_since_application,steps_completed,avg_days_per_step,followup_effectiveness,is_slow_onboarding,is_neglected,country_encoded
S0001,2023-09-10,UAE,44,33,72,21,184,9,53,0,1,478,4,46.0,0.04864864864864865,1,1,1
S0002,2024-04-13,Saudi Arabia,19,28,65,17,62,8,60,1,0,262,4,15.5,0.12698412698412698,0,1,0
S0003,2024-04-16,UAE,48,41,87,22,171,0,84,0,1,259,4,42.75,0.0,1,1,1
S0004,2024-01-27,Saudi Arabia,24,16,1,18,70,6,73,0,0,339,4,17.5,0.08450704225352113,0,1,0
S0005,2023-05-23,UAE,11,20,2,4,75,9,9,1,0,588,4,18.75,0.11842105263157894,0,0,1
S0006,2024-02-14,UAE,21,40,72,20,148,6,35,1,1,321,4,37.0,0.040268456375838924,1,1,1
S0007,2023-12-24,Saudi Arabia,46,33,69,7,157,3,54,0,0,373,4,39.25,0.0189873417721519,1,1,0
S0008,2023-09-02,Saudi Arabia,28,41,21,4,47,3,60,1,0,486,4,11.75,0.0625,0,1,0
S0009,2024-08-13,Saudi Arabia,5,14,68,16,49,7,26,1,0,140,4,12.25,0.14,0,0,0
S0010,2022-08-21,Saudi Arabia,47,30,41,13,127,1,16,0,1,863,4,31.75,0.0078125,1,0,0
S0011,2024-06-26,UAE,51,26,22,1,77,2,64,1,0,188,4,19.25,0.02564102564102564,0,1,1
S0012,2022-06-22,UAE,26,16,40,8,169,3,94,1,1,923,4,42.25,0.01764705882352941,1,1,1
S0013,2024-01-03,UAE,12,7,1,6,98,7,67,0,0,363,4,24.5,0.0707070707070707,1,1,1
S0014,2024-12-05,Saudi Arabia,50,33,30,10,108,8,70,0,0,26,4,27.0,0.07339449541284404,1,1,0
S0015,2024-10-31,UAE,57,40,58,15,150,6,70,0,1,61,4,37.5,0.039735099337748346,1,1,1
S0016,2024-09-22,UAE,50,26,48,25,175,4,27,1,0,100,4,43.75,0.022727272727272728,1,0,1
S0017,2023-01-12,Saudi Arabia,27,42,73,13,135,6,70,0,1,719,4,33.75,0.04411764705882353,1,1,0
S0018,2024-09-06,Saudi Arabia,42,4,69,22,49,4,22,1,0,116,4,12.25,0.08,0,0,0
S0019,2024-05-07,UAE,50,37,79,10,159,0,92,1,1,238,4,39.75,0.0,1,1,1
S0020,2023-02-20,Saudi Arabia,38,11,24,16,58,13,88,0,0,680,4,14.5,0.22033898305084745,0,1,0
S0021,2023-10-08,UAE,46,10,68,15,185,7,116,1,1,450,4,46.25,0.03763440860215054,1,1,1
S0022,2022-09-28,Saudi Arabia,14,14,55,6,97,14,50,1,1,825,4,24.25,0.14285714285714285,1,1,0
S0023,2023-04-13,UAE,11,30,77,26,52,3,12,1,0,628,4,13.0,0.05660377358490566,0,0,1
S0024,2023-09-16,Saudi Arabia,32,12,24,11,115,2,23,1,1,472,4,28.75,0.017241379310344827,1,0,0
S0025,2022-11-03,Saudi Arabia,11,26,77,24,49,2,10,0,0,789,4,12.25,0.04,0,0,0
S0026,2022-11-28,Saudi Arabia,18,33,24,3,96,14,51,1,1,764,4,24.0,0.14432989690721648,1,1,0
S0027,2022-07-17,UAE,27,13,54,20,101,12,16,0,1,898,4,25.25,0.11764705882352941,1,0,1
S0028,2024-12-18,UAE,54,14,26,10,74,5,36,1,0,13,4,18.5,0.06666666666666667,0,1,1
S0029,2024-09-25,Saudi Arabia,18,24,66,1,118,11,12,1,0,97,4,29.5,0.09243697478991597,1,0,0
S0030,2024-11-09,Saudi Arabia,18,20,60,18,150,7,114,0,1,52,4,37.5,0.046357615894039736,1,1,0
S0031,2023-03-19,UAE,11,26,65,11,97,3,83,0,0,653,4,24.25,0.030612244897959183,1,1,1
S0032,2022-08-24,Saudi Arabia,21,21,75,26,58,2,7,1,0,860,4,14.5,0.03389830508474576,0,0,0
S0033,2023-12-19,UAE,43,12,31,18,136,0,18,0,1,378,4,34.0,0.0,1,0,1
S0034,2023-08-19,Saudi Arabia,5,36,35,12,90,5,82,0,0,500,4,22.5,0.054945054945054944,0,1,0
S0035,2023-04-12,Saudi Arabia,23,40,43,14,68,11,69,0,1,629,4,17.0,0.15942028985507245,0,1,0
S0036,2022-10-22,Saudi Arabia,41,2,29,25,99,14,43,1,0,801,4,24.75,0.14,1,1,0
S0037,2024-02-23,Saudi Arabia,25,9,37,8,101,13,59,0,1,312,4,25.25,0.12745098039215685,1,1,0
S0038,2023-11-12,UAE,41,23,58,11,53,8,40,0,0,415,4,13.25,0.14814814814814814,0,1,1
S0039,2024-09-24,Saudi Arabia,27,29,51,5,161,0,70,0,0,98,4,40.25,0.0,1,1,0
S0040,2022-06-05,Saudi Arabia,10,13,39,7,99,7,85,1,0,940,4,24.75,0.07,1,1,0
S0041,2023-03-01,UAE,22,23,42,10,56,6,41,0,0,671,4,14.0,0.10526315789473684,0,1,1
S0042,2022-07-12,Saudi Arabia,58,41,64,21,135,5,21,1,1,903,4,33.75,0.03676470588235294,1,0,0
S0043,2023-02-13,Saudi Arabia,1,2,29,25,58,13,73,1,0,687,4,14.5,0.22033898305084745,0,1,0
S0044,2024-12-06,UAE,7,20,43,26,48,14,28,1,0,25,4,12.0,0.2857142857142857,0,0,1
S0045,2023-01-31,UAE,40,22,52,23,188,1,68,0,1,700,4,47.0,0.005291005291005291,1,1,1
S0046,2023-01-09,Saudi Arabia,1,3,10,2,79,13,64,0,0,722,4,19.75,0.1625,0,1,0
S0047,2024-10-17,UAE,23,31,28,11,171,9,69,0,1,75,4,42.75,0.05232558139534884,1,1,1
S0048,2023-11-29,UAE,19,29,81,5,156,4,83,0,1,398,4,39.0,0.025477707006369428,1,1,1
S0049,2023-06-20,Saudi Arabia,46,36,76,5,170,2,58,0,1,560,4,42.5,0.011695906432748537,1,1,0
S0050,2024-07-22,Saudi Arabia,22,36,47,14,35,10,52,1,0,162,4,8.75,0.2777777777777778,0,1,0
S0051,2023-10-29,UAE,22,14,42,26,70,10,18,1,0,429,4,17.5,0.14084507042253522,0,0,1
S0052,2024-09-02,UAE,50,16,32,16,77,3,52,1,0,120,4,19.25,0.038461538461538464,0,1,1
S0053,2022-12-24,Saudi Arabia,47,19,32,22,94,8,84,0,0,738,4,23.5,0.08421052631578947,1,1,0
S0054,2023-11-06,UAE,42,34,61,20,151,0,46,0,0,421,4,37.75,0.0,1,1,1
S0055,2022-04-30,UAE,29,6,32,10,56,5,45,0,1,976,4,14.0,0.08771929824561403,0,1,1
S0056,2022-05-07,Saudi Arabia,46,13,26,17,107,14,84,1,0,969,4,26.75,0.12962962962962962,1,1,0
S0057,2023-12-15,Saudi Arabia,14,36,1,14,129,14,52,0,0,382,4,32.25,0.1076923076923077,1,1,0
S0058,2022-04-17,Saudi Arabia,40,21,68,24,150,0,39,0,1,989,4,37.5,0.0,1,1,0
S0059,2022-11-14,UAE,20,18,2,4,61,12,44,1,0,778,4,15.25,0.1935483870967742,0,1,1
S0060,2024-07-05,Saudi Arabia,21,18,33,28,163,4,82,0,1,179,4,40.75,0.024390243902439025,1,1,0
S0061,2023-01-28,Saudi Arabia,48,30,71,2,131,4,18,0,0,703,4,32.75,0.030303030303030304,1,0,0
S0062,2022-05-31,UAE,33,40,52,7,99,12,70,1,1,945,4,24.75,0.12,1,1,1
S0063,2023-10-01,UAE,43,7,9,9,90,10,80,1,0,457,4,22.5,0.10989010989010989,0,1,1
S0064,2022-11-02,Saudi Arabia,15,32,22,19,64,10,64,0,0,790,4,16.0,0.15384615384615385,0,1,0
S0065,2023-12-02,UAE,12,19,34,16,78,8,36,0,0,395,4,19.5,0.10126582278481013,0,1,1
S0066,2024-02-28,Saudi Arabia,40,6,49,22,62,4,69,1,0,307,4,15.5,0.06349206349206349,0,1,0
S0067,2024-01-29,UAE,54,20,1,25,100,14,25,0,0,337,4,25.0,0.13861386138613863,1,0,1
S0068,2024-08-20,Saudi Arabia,20,27,73,16,60,4,1,1,0,133,4,15.0,0.06557377049180328,0,0,0
S0069,2022-06-16,Saudi Arabia,30,37,53,18,98,5,58,0,0,929,4,24.5,0.050505050505050504,1,1,0
S0070,2023-10-02,UAE,38,7,40,23,75,8,4,0,0,456,4,18.75,0.10526315789473684,0,0,1
S0071,2022-07-23,Saudi Arabia,3,5,45,21,74,8,36,1,0,892,4,18.5,0.10666666666666667,0,1,0
S0072,2023-08-13,Saudi Arabia,28,11,68,21,100,13,30,1,1,506,4,25.0,0.12871287128712872,1,0,0
S0073,2023-11-18,UAE,26,15,9,11,76,13,75,0,0,409,4,19.0,0.16883116883116883,0,1,1
S0074,2024-04-17,UAE,30,3,22,7,28,3,47,0,0,258,4,7.0,0.10344827586206896,0,1,1
S0075,2023-01-24,UAE,13,5,18,9,100,13,5,0,0,707,4,25.0,0.12871287128712872,1,0,1
S0076,2023-01-21,UAE,15,37,50,28,134,6,31,0,0,710,4,33.5,0.044444444444444446,1,1,1
S0077,2024-01-19,Saudi Arabia,2,37,43,25,70,8,14,1,0,347,4,17.5,0.11267605633802817,0,0,0
S0078,2022-05-16,Saudi Arabia,37,9,39,13,99,8,60,1,0,960,4,24.75,0.08,1,1,0
S0079,2023-11-17,Saudi Arabia,49,15,73,27,49,7,15,0,0,410,4,12.25,0.14,0,0,0
S0080,2023-02-08,Saudi Arabia,38,3,6,26,121,11,19,1,0,692,4,30.25,0.09016393442622951,1,0,0
S0081,2024-02-15,UAE,2,29,48,25,92,11,76,1,0,320,4,23.0,0.11827956989247312,1,1,1
S0082,2022-06-12,Saudi Arabia,36,6,7,4,92,13,43,1,0,933,4,23.0,0.13978494623655913,1,1,0
S0083,2023-01-07,Saudi Arabia,54,17,69,19,62,9,41,0,0,724,4,15.5,0.14285714285714285,0,1,0
S0084,2022-06-13,Saudi Arabia,55,23,22,27,121,2,97,1,0,932,4,30.25,0.01639344262295082,1,1,0
S0085,2023-02-19,UAE,11,21,1,9,114,2,33,1,0,681,4,28.5,0.017391304347826087,1,1,1
S0086,2023-10-07,Saudi Arabia,47,21,49,28,142,3,36,1,1,451,4,35.5,0.02097902097902098,1,1,0
S0087,2024-12-30,Saudi Arabia,44,21,37,2,28,12,28,0,0,1,4,7.0,0.41379310344827586,0,0,0
S0088,2024-03-21,Saudi Arabia,40,11,64,6,121,3,2,1,0,285,4,30.25,0.02459016393442623,1,0,0
S0089,2024-04-29,UAE,43,38,62,5,67,3,8,1,0,246,4,16.75,0.04411764705882353,0,0,1
S0090,2023-02-28,Saudi Arabia,29,23,81,9,163,2,15,0,1,672,4,40.75,0.012195121951219513,1,0,0
S0091,2023-04-24,UAE,46,25,22,21,143,8,80,1,1,617,4,35.75,0.05555555555555555,1,1,1
S0092,2023-07-02,UAE,8,35,33,22,104,14,24,0,0,548,4,26.0,0.13333333333333333,1,0,1
S0093,2023-09-11,Saudi Arabia,19,41,87,19,135,1,22,0,1,477,4,33.75,0.007352941176470588,1,0,0
S0094,2022-11-11,UAE,20,42,44,24,160,4,100,1,0,781,4,40.0,0.024844720496894408,1,1,1
S0095,2024-06-02,UAE,52,29,70,8,157,5,39,1,1,212,4,39.25,0.03164556962025317,1,1,1
S0096,2023-06-17,UAE,30,12,60,9,114,11,72,1,0,563,4,28.5,0.09565217391304348,1,1,1
S0097,2024-05-10,Saudi Arabia,17,38,74,22,116,6,83,1,1,235,4,29.0,0.05128205128205128,1,1,0
S0098,2022-07-04,Saudi Arabia,20,34,24,27,123,3,58,1,0,911,4,30.75,0.024193548387096774,1,1,0
S0099,2022-06-09,UAE,52,41,4,10,94,6,20,1,1,936,4,23.5,0.06315789473684211,1,0,1
S0100,2024-07-11,Saudi Arabia,16,10,37,16,75,11,73,1,0,173,4,18.75,0.14473684210526316,0,1,0
S0101,2024-03-23,UAE,46,17,4,10,85,5,21,1,1,283,4,21.25,0.05813953488372093,0,0,1
S0102,2023-03-24,UAE,43,17,77,10,100,9,28,0,1,648,4,25.0,0.0891089108910891,1,0,1
S0103,2024-10-29,UAE,17,30,60,5,157,8,65,0,1,63,4,39.25,0.05063291139240506,1,1,1
S0104,2022-12-19,Saudi Arabia,44,23,63,8,185,5,67,1,1,743,4,46.25,0.026881720430107527,1,1,0
S0105,2024-01-02,Saudi Arabia,20,40,83,11,171,6,29,0,1,364,4,42.75,0.03488372093023256,1,0,0
S0106,2024-01-11,UAE,47,12,48,17,67,12,63,0,0,355,4,16.75,0.17647058823529413,0,1,1
S0107,2023-10-13,UAE,48,39,33,5,105,13,68,1,0,445,4,26.25,0.12264150943396226,1,1,1
S0108,2024-11-21,Saudi Arabia,27,4,58,26,132,11,39,0,0,40,4,33.0,0.08270676691729323,1,1,0
S0109,2022-09-22,UAE,59,25,88,12,152,9,118,1,1,831,4,38.0,0.058823529411764705,1,1,1
S0110,2024-10-10,UAE,57,26,77,24,179,5,52,0,1,82,4,44.75,0.027777777777777776,1,1,1
S0111,2023-09-17,Saudi Arabia,24,21,35,24,60,11,64,0,0,471,4,15.0,0.18032786885245902,0,1,0
S0112,2024-07-08,Saudi Arabia,9,22,10,27,79,5,61,0,0,176,4,19.75,0.0625,0,1,0
S0113,2024-12-17,Saudi Arabia,35,4,65,15,44,9,53,1,0,14,4,11.0,0.2,0,1,0
S0114,2024-07-01,Saudi Arabia,51,18,42,25,47,2,59,0,0,183,4,11.75,0.041666666666666664,0,1,0
S0115,2022-07-02,Saudi Arabia,20,5,9,27,130,12,45,0,0,913,4,32.5,0.0916030534351145,1,1,0
S0116,2023-06-13,UAE,25,26,89,27,180,0,21,0,1,567,4,45.0,0.0,1,0,1
S0117,2022-10-08,Saudi Arabia,45,43,74,22,144,4,118,1,1,815,4,36.0,0.027586206896551724,1,1,0
S0118,2024-12-10,Saudi Arabia,17,12,57,4,47,12,89,1,0,21,4,11.75,0.25,0,1,0
S0119,2023-09-23,Saudi Arabia,47,17,69,8,84,8,52,1,1,465,4,21.0,0.09411764705882353,0,1,0
S0120,2023-01-26,Saudi Arabia,31,10,22,27,83,3,69,1,0,705,4,20.75,0.03571428571428571,0,1,0
S0121,2024-09-15,UAE,8,34,64,16,80,2,31,0,0,107,4,20.0,0.024691358024691357,0,1,1
S0122,2023-06-06,Saudi Arabia,30,24,76,14,194,5,61,1,1,574,4,48.5,0.02564102564102564,1,1,0
S0123,2024-03-20,Saudi Arabia,31,8,71,19,98,7,9,1,0,286,4,24.5,0.0707070707070707,1,0,0
S0124,2022-12-23,UAE,53,11,56,20,91,7,38,1,1,739,4,22.75,0.07608695652173914,1,1,1
S0125,2022-11-30,Saudi Arabia,30,12,23,3,51,11,30,0,0,762,4,12.75,0.21153846153846154,0,0,0
S0126,2023-10-18,Saudi Arabia,46,9,25,10,73,3,11,0,0,440,4,18.25,0.04054054054054054,0,0,0
S0127,2023-11-11,Saudi Arabia,20,2,6,2,113,2,79,0,0,416,4,28.25,0.017543859649122806,1,1,0
S0128,2023-06-26,Saudi Arabia,39,8,34,4,111,11,37,1,0,554,4,27.75,0.09821428571428571,1,1,0
S0129,2024-08-21,Saudi Arabia,53,11,63,6,120,4,66,1,0,132,4,30.0,0.03305785123966942,1,1,0
S0130,2024-06-15,Saudi Arabia,12,36,9,11,88,11,65,1,0,199,4,22.0,0.12359550561797752,0,1,0
S0131,2023-11-27,Saudi Arabia,49,10,60,14,88,6,51,1,1,400,4,22.0,0.06741573033707865,0,1,0
S0132,2024-08-03,UAE,37,29,30,18,161,4,114,0,1,150,4,40.25,0.024691358024691357,1,1,1
S0133,2022-12-28,Saudi Arabia,42,20,51,27,83,4,10,0,0,734,4,20.75,0.047619047619047616,0,0,0
S0134,2024-12-27,Saudi Arabia,30,8,60,21,61,10,24,0,0,4,4,15.25,0.16129032258064516,0,0,0
S0135,2023-09-18,UAE,40,18,65,5,121,6,99,0,1,470,4,30.25,0.04918032786885246,1,1,1
S0136,2022-06-01,Saudi Arabia,19,29,37,2,85,6,34,1,0,944,4,21.25,0.06976744186046512,0,1,0
S0137,2022-08-05,UAE,46,12,31,25,75,14,21,1,1,879,4,18.75,0.18421052631578946,0,0,1
S0138,2022-11-08,Saudi Arabia,11,14,41,17,46,3,36,1,0,784,4,11.5,0.06382978723404255,0,1,0
S0139,2022-05-02,UAE,34,21,62,9,84,11,85,1,0,974,4,21.0,0.12941176470588237,0,1,1
S0140,2022-06-18,Saudi Arabia,50,22,58,17,52,7,54,1,0,927,4,13.0,0.1320754716981132,0,1,0
S0141,2022-05-21,Saudi Arabia,31,11,27,11,141,9,37,1,1,955,4,35.25,0.06338028169014084,1,1,0
S0142,2022-12-10,Saudi Arabia,57,14,76,20,180,4,64,0,1,752,4,45.0,0.022099447513812154,1,1,0
S0143,2024-03-28,UAE,57,36,39,25,155,0,65,0,1,278,4,38.75,0.0,1,1,1
S0144,2023-01-13,Saudi Arabia,20,20,79,23,75,7,19,1,0,718,4,18.75,0.09210526315789473,0,0,0
S0145,2024-09-16,Saudi Arabia,50,24,8,19,88,5,3,1,0,106,4,22.0,0.056179775280898875,0,0,0
S0146,2024-10-07,Saudi Arabia,38,23,26,3,98,7,17,1,0,85,4,24.5,0.0707070707070707,1,0,0
S0147,2024-06-25,UAE,24,7,36,27,95,9,50,0,1,189,4,23.75,0.09375,1,1,1
S0148,2022-12-07,Saudi Arabia,10,9,48,1,57,9,67,0,1,755,4,14.25,0.15517241379310345,0,1,0
S0149,2024-07-07,UAE,32,1,28,4,48,14,19,0,0,177,4,12.0,0.2857142857142857,0,0,1
S0150,2023-02-22,Saudi Arabia,52,26,68,18,60,11,8,1,0,678,4,15.0,0.18032786885245902,0,0,0
S0151,2024-01-10,Saudi Arabia,15,38,62,26,97,3,79,0,0,356,4,24.25,0.030612244897959183,1,1,0
S0152,2022-09-12,Saudi Arabia,37,38,76,8,87,9,25,1,1,841,4,21.75,0.10227272727272728,0,0,0
S0153,2024-12-09,Saudi Arabia,20,22,51,19,54,7,24,1,0,22,4,13.5,0.12727272727272726,0,0,0
S0154,2023-06-10,Saudi Arabia,3,10,42,23,60,3,67,1,0,570,4,15.0,0.04918032786885246,0,1,0
S0155,2024-11-03,Saudi Arabia,37,6,29,23,65,2,40,0,0,58,4,16.25,0.030303030303030304,0,1,0
S0156,2023-07-13,UAE,40,17,10,25,38,7,58,0,0,537,4,9.5,0.1794871794871795,0,1,1
S0157,2023-02-10,Saudi Arabia,8,38,39,6,92,14,44,0,1,690,4,23.0,0.15053763440860216,1,1,0
S0158,2024-03-04,Saudi Arabia,31,12,52,29,178,1,63,0,1,302,4,44.5,0.00558659217877095,1,1,0
S0159,2022-06-06,Saudi Arabia,44,10,39,8,62,11,37,1,0,939,4,15.5,0.1746031746031746,0,1,0
S0160,2024-09-07,Saudi Arabia,23,8,21,1,71,6,18,1,0,115,4,17.75,0.08333333333333333,0,0,0
S0161,2023-11-23,Saudi Arabia,40,21,65,19,36,11,13,0,0,404,4,9.0,0.2972972972972973,0,0,0
S0162,2024-05-13,Saudi Arabia,43,11,45,18,192,3,21,0,1,232,4,48.0,0.015544041450777202,1,0,0
S0163,2024-01-16,Saudi Arabia,36,38,31,24,160,5,80,0,1,350,4,40.0,0.031055900621118012,1,1,0
S0164,2024-01-17,UAE,58,29,24,14,160,4,108,1,0,349,4,40.0,0.024844720496894408,1,1,1
S0165,2024-08-19,UAE,29,24,61,25,64,13,36,1,0,134,4,16.0,0.2,0,1,1
S0166,2024-02-04,Saudi Arabia,30,33,20,15,49,10,45,0,0,331,4,12.25,0.2,0,1,0
S0167,2023-01-30,Saudi Arabia,24,38,45,10,165,1,101,0,1,701,4,41.25,0.006024096385542169,1,1,0
S0168,2024-02-25,UAE,39,28,34,25,76,8,13,1,0,310,4,19.0,0.1038961038961039,0,0,1
S0169,2023-02-15,Saudi Arabia,28,32,48,11,67,9,8,0,0,685,4,16.75,0.1323529411764706,0,0,0
S0170,2023-02-11,Saudi Arabia,49,12,33,19,52,14,6,1,0,689,4,13.0,0.2641509433962264,0,0,0
S0171,2023-04-03,Saudi Arabia,36,27,61,21,54,7,13,1,1,638,4,13.5,0.12727272727272726,0,0,0
S0172,2023-07-30,UAE,13,10,10,10,37,3,5,1,0,520,4,9.25,0.07894736842105263,0,0,1
S0173,2022-07-26,UAE,32,32,54,24,84,8,84,1,0,889,4,21.0,0.09411764705882353,0,1,1
S0174,2024-12-21,Saudi Arabia,36,26,65,12,106,14,14,1,0,10,4,26.5,0.1308411214953271,1,0,0
S0175,2023-08-06,Saudi Arabia,37,25,77,1,90,10,51,1,1,513,4,22.5,0.10989010989010989,0,1,0
S0176,2023-04-05,Saudi Arabia,26,11,1,24,89,6,71,0,0,636,4,22.25,0.06666666666666667,0,1,0
S0177,2022-12-17,UAE,22,23,5,7,80,3,33,0,0,745,4,20.0,0.037037037037037035,0,1,1
S0178,2022-12-22,Saudi Arabia,4,34,15,17,67,5,0,1,0,740,4,16.75,0.07352941176470588,0,0,0
S0179,2024-06-17,Saudi Arabia,31,40,28,26,66,4,68,1,0,197,4,16.5,0.05970149253731343,0,1,0
S0180,2024-02-13,UAE,41,22,45,21,146,5,22,0,1,322,4,36.5,0.034013605442176874,1,0,1
S0181,2023-08-14,Saudi Arabia,38,29,17,6,80,11,19,1,0,505,4,20.0,0.13580246913580246,0,0,0
S0182,2024-02-06,UAE,51,31,84,17,155,7,43,0,1,329,4,38.75,0.04487179487179487,1,1,1
S0183,2023-04-19,Saudi Arabia,41,37,57,29,155,6,16,1,0,622,4,38.75,0.038461538461538464,1,0,0
S0184,2023-09-15,Saudi Arabia,22,40,11,5,64,9,6,1,0,473,4,16.0,0.13846153846153847,0,0,0
S0185,2024-07-30,Saudi Arabia,2,33,28,18,54,2,49,1,0,154,4,13.5,0.03636363636363636,0,1,0
S0186,2022-08-22,UAE,58,17,65,8,165,9,79,0,1,862,4,41.25,0.05421686746987952,1,1,1
S0187,2023-03-28,UAE,11,2,61,17,72,9,46,1,0,644,4,18.0,0.1232876712328767,0,1,1
S0188,2023-04-07,UAE,28,18,64,22,67,6,13,1,0,634,4,16.75,0.08823529411764706,0,0,1
S0189,2024-11-04,Saudi Arabia,24,35,37,18,156,0,99,0,0,57,4,39.0,0.0,1,1,0
S0190,2024-04-25,UAE,32,37,73,8,55,8,49,1,0,250,4,13.75,0.14285714285714285,0,1,1
S0191,2024-11-10,Saudi Arabia,5,34,10,24,89,12,60,1,0,51,4,22.25,0.13333333333333333,0,1,0
S0192,2024-07-14,Saudi Arabia,38,20,8,13,93,12,40,0,0,170,4,23.25,0.1276595744680851,1,1,0
S0193,2024-01-23,UAE,48,18,81,5,165,5,61,0,1,343,4,41.25,0.030120481927710843,1,1,1
S0194,2022-10-23,Saudi Arabia,40,18,77,16,93,3,4,0,0,800,4,23.25,0.031914893617021274,1,0,0
S0195,2022-11-06,Saudi Arabia,46,24,59,11,64,2,74,1,0,786,4,16.0,0.03076923076923077,0,1,0
S0196,2023-05-20,Saudi Arabia,24,8,50,6,76,6,4,1,0,591,4,19.0,0.07792207792207792,0,0,0
S0197,2023-03-05,Saudi Arabia,43,24,41,28,136,4,59,1,1,667,4,34.0,0.029197080291970802,1,1,0
S0198,2022-11-01,Saudi Arabia,44,10,70,3,88,11,28,0,0,791,4,22.0,0.12359550561797752,0,0,0
S0199,2023-12-11,Saudi Arabia,17,23,45,29,143,4,97,0,1,386,4,35.75,0.027777777777777776,1,1,0
S0200,2022-06-24,Saudi Arabia,23,11,17,18,85,9,4,0,0,921,4,21.25,0.10465116279069768,0,0,0
S0201,2022-05-06,UAE,34,35,31,26,162,8,79,0,0,970,4,40.5,0.049079754601226995,1,1,1
S0202,2023-09-24,UAE,1,26,20,13,92,13,78,1,0,464,4,23.0,0.13978494623655913,1,1,1
S0203,2024-03-02,Saudi Arabia,31,36,48,10,95,6,18,0,0,304,4,23.75,0.0625,1,0,0
S0204,2023-10-16,Saudi Arabia,31,33,73,5,25,4,63,1,0,442,4,6.25,0.15384615384615385,0,1,0
S0205,2024-07-21,Saudi Arabia,53,28,42,24,175,8,58,0,1,163,4,43.75,0.045454545454545456,1,1,0
S0206,2023-11-24,Saudi Arabia,42,40,37,14,60,14,33,0,0,403,4,15.0,0.22950819672131148,0,1,0
S0207,2022-09-19,Saudi Arabia,53,25,1,17,109,6,55,0,0,834,4,27.25,0.05454545454545454,1,1,0
S0208,2024-10-11,UAE,34,4,4,1,57,4,16,1,0,81,4,14.25,0.06896551724137931,0,0,1
S0209,2023-08-15,Saudi Arabia,9,19,54,25,86,4,75,1,1,504,4,21.5,0.04597701149425287,0,1,0
S0210,2024-07-09,Saudi Arabia,22,18,25,2,71,4,88,1,1,175,4,17.75,0.05555555555555555,0,1,0
S0211,2022-06-11,Saudi Arabia,13,37,3,7,81,7,55,1,0,934,4,20.25,0.08536585365853659,0,1,0
S0212,2022-08-26,Saudi Arabia,25,30,9,10,103,2,16,1,0,858,4,25.75,0.019230769230769232,1,0,0
S0213,2024-10-18,UAE,48,19,76,20,88,12,73,0,0,74,4,22.0,0.1348314606741573,0,1,1
S0214,2024-07-12,UAE,18,23,74,7,101,5,81,0,0,172,4,25.25,0.049019607843137254,1,1,1
S0215,2024-01-22,Saudi Arabia,51,16,34,24,93,14,17,1,0,344,4,23.25,0.14893617021276595,1,0,0
S0216,2023-03-04,UAE,12,1,43,16,107,9,44,1,0,668,4,26.75,0.08333333333333333,1,1,1
S0217,2024-01-31,Saudi Arabia,15,21,77,23,164,0,51,1,1,335,4,41.0,0.0,1,1,0
S0218,2022-12-12,UAE,17,24,22,12,70,6,55,1,0,750,4,17.5,0.08450704225352113,0,1,1
S0219,2024-09-30,UAE,15,34,70,17,80,3,79,0,1,92,4,20.0,0.037037037037037035,0,1,1
S0220,2024-03-15,Saudi Arabia,42,8,2,16,61,3,49,0,1,291,4,15.25,0.04838709677419355,0,1,0
S0221,2023-02-06,Saudi Arabia,34,34,78,13,136,8,80,1,1,694,4,34.0,0.058394160583941604,1,1,0
S0222,2024-04-10,Saudi Arabia,15,5,32,26,123,14,17,1,1,265,4,30.75,0.11290322580645161,1,0,0
S0223,2024-12-07,Saudi Arabia,39,26,16,16,62,8,79,1,0,24,4,15.5,0.12698412698412698,0,1,0
S0224,2022-05-26,UAE,13,30,76,19,60,11,80,1,0,950,4,15.0,0.18032786885245902,0,1,1
S0225,2024-09-19,Saudi Arabia,55,16,38,29,170,4,58,0,1,103,4,42.5,0.023391812865497075,1,1,0
S0226,2022-04-09,Saudi Arabia,32,19,72,15,86,6,75,0,0,997,4,21.5,0.06896551724137931,0,1,0
S0227,2023-10-03,UAE,9,29,48,12,122,4,9,1,0,455,4,30.5,0.032520325203252036,1,0,1
S0228,2023-03-23,UAE,40,3,50,21,73,7,68,0,0,649,4,18.25,0.0945945945945946,0,1,1
S0229,2024-09-27,Saudi Arabia,20,26,13,10,74,14,84,0,0,95,4,18.5,0.18666666666666668,0,1,0
S0230,2023-09-25,Saudi Arabia,26,40,15,26,112,11,2,1,0,463,4,28.0,0.09734513274336283,1,0,0
S0231,2023-03-17,Saudi Arabia,27,12,53,22,90,4,82,1,0,655,4,22.5,0.04395604395604396,0,1,0
S0232,2024-12-26,Saudi Arabia,21,2,44,2,65,9,43,1,0,5,4,16.25,0.13636363636363635,0,1,0
S0233,2023-08-01,UAE,18,11,8,7,92,3,69,1,0,518,4,23.0,0.03225806451612903,1,1,1
S0234,2023-11-03,Saudi Arabia,13,28,74,13,49,4,13,0,0,424,4,12.25,0.08,0,0,0
S0235,2022-05-10,Saudi Arabia,18,42,31,27,173,2,114,0,1,966,4,43.25,0.011494252873563218,1,1,0
S0236,2022-05-08,Saudi Arabia,19,23,60,9,165,6,27,0,1,968,4,41.25,0.03614457831325301,1,0,0
S0237,2022-11-24,Saudi Arabia,12,37,19,1,47,2,51,0,0,768,4,11.75,0.041666666666666664,0,1,0
S0238,2024-11-25,UAE,44,22,38,26,69,9,37,1,0,36,4,17.25,0.12857142857142856,0,1,1
S0239,2022-10-16,UAE,38,12,11,3,71,11,79,0,0,807,4,17.75,0.1527777777777778,0,1,1
S0240,2023-03-06,Saudi Arabia,19,2,43,25,118,3,19,1,0,666,4,29.5,0.025210084033613446,1,0,0
S0241,2022-04-10,Saudi Arabia,7,37,20,10,79,13,87,1,0,996,4,19.75,0.1625,0,1,0
S0242,2022-10-28,Saudi Arabia,35,7,20,27,83,8,43,0,0,795,4,20.75,0.09523809523809523,0,1,0
S0243,2023-09-03,UAE,59,25,30,26,187,9,84,1,1,485,4,46.75,0.047872340425531915,1,1,1
S0244,2024-06-14,UAE,18,26,57,15,103,3,18,1,1,200,4,25.75,0.028846153846153848,1,0,1
S0245,2023-02-07,Saudi Arabia,16,24,50,22,30,6,67,1,0,693,4,7.5,0.1935483870967742,0,1,0
S0246,2022-07-25,UAE,40,24,48,29,187,8,77,1,1,890,4,46.75,0.0425531914893617,1,1,1
S0247,2023-06-11,UAE,54,34,54,9,187,0,115,0,1,569,4,46.75,0.0,1,1,1
S0248,2022-06-23,Saudi Arabia,25,23,30,20,58,4,61,1,0,922,4,14.5,0.06779661016949153,0,1,0
S0249,2022-06-30,UAE,32,40,73,15,65,2,60,1,0,915,4,16.25,0.030303030303030304,0,1,1
S0250,2023-01-18,Saudi Arabia,40,9,31,24,93,14,29,1,0,713,4,23.25,0.14893617021276595,1,0,0
S0251,2022-06-28,Saudi Arabia,13,32,42,21,112,8,29,0,0,917,4,28.0,0.07079646017699115,1,0,0
S0252,2024-12-23,Saudi Arabia,45,15,68,7,85,14,50,0,0,8,4,21.25,0.16279069767441862,0,1,0
S0253,2024-06-04,Saudi Arabia,17,37,61,25,89,6,87,1,0,210,4,22.25,0.06666666666666667,0,1,0
S0254,2024-09-17,Saudi Arabia,49,13,61,21,75,6,47,1,0,105,4,18.75,0.07894736842105263,0,1,0
S0255,2023-05-10,UAE,37,5,70,27,59,8,32,0,0,601,4,14.75,0.13333333333333333,0,1,1
S0256,2023-02-24,Saudi Arabia,59,16,21,22,197,3,97,0,1,676,4,49.25,0.015151515151515152,1,1,0
S0257,2023-09-08,UAE,19,10,68,4,119,9,81,1,0,480,4,29.75,0.075,1,1,1
S0258,2024-10-09,Saudi Arabia,13,13,17,22,111,13,18,0,0,83,4,27.75,0.11607142857142858,1,0,0
S0259,2024-10-15,Saudi Arabia,26,41,19,18,26,11,70,1,0,77,4,6.5,0.4074074074074074,0,1,0
S0260,2022-04-12,Saudi Arabia,14,15,51,3,75,6,56,1,0,994,4,18.75,0.07894736842105263,0,1,0
S0261,2024-04-07,Saudi Arabia,31,7,70,17,69,9,18,0,0,268,4,17.25,0.12857142857142856,0,0,0
S0262,2023-07-16,UAE,42,26,48,10,145,8,42,0,0,534,4,36.25,0.0547945205479452,1,1,1
S0263,2022-07-13,Saudi Arabia,4,28,75,18,14,11,78,1,0,902,4,3.5,0.7333333333333333,0,1,0
S0264,2022-12-29,Saudi Arabia,39,32,30,24,110,6,40,0,1,733,4,27.5,0.05405405405405406,1,1,0
S0265,2023-03-30,Saudi Arabia,29,13,67,18,136,6,63,0,1,642,4,34.0,0.043795620437956206,1,1,0
S0266,2024-08-22,UAE,49,10,84,15,154,4,35,1,1,131,4,38.5,0.025806451612903226,1,1,1
S0267,2024-06-13,UAE,13,36,71,13,63,11,51,1,1,201,4,15.75,0.171875,0,1,1
S0268,2023-04-22,UAE,32,21,26,22,91,4,3,1,0,619,4,22.75,0.043478260869565216,1,0,1
S0269,2023-12-29,Saudi Arabia,38,6,56,15,97,3,3,0,0,368,4,24.25,0.030612244897959183,1,0,0
S0270,2023-04-23,Saudi Arabia,38,1,22,5,77,7,4,1,0,618,4,19.25,0.08974358974358974,0,0,0
S0271,2023-08-10,Saudi Arabia,28,4,19,3,109,6,40,1,0,509,4,27.25,0.05454545454545454,1,1,0
S0272,2022-08-03,Saudi Arabia,53,11,31,5,75,10,86,1,0,881,4,18.75,0.13157894736842105,0,1,0
S0273,2024-09-23,Saudi Arabia,30,26,26,5,65,11,60,1,0,99,4,16.25,0.16666666666666666,0,1,0
S0274,2022-12-13,Saudi Arabia,3,37,42,5,120,5,74,1,1,749,4,30.0,0.04132231404958678,1,1,0
S0275,2023-09-12,Saudi Arabia,28,23,41,3,95,12,54,1,0,476,4,23.75,0.125,1,1,0
S0276,2022-04-16,Saudi Arabia,38,23,89,21,131,5,91,0,1,990,4,32.75,0.03787878787878788,1,1,0
S0277,2022-10-20,UAE,45,21,47,20,92,10,12,1,0,803,4,23.0,0.10752688172043011,1,0,1
S0278,2023-12-01,Saudi Arabia,54,27,13,23,79,9,13,0,1,396,4,19.75,0.1125,0,0,0
S0279,2022-06-27,Saudi Arabia,34,39,66,18,58,7,59,1,0,918,4,14.5,0.11864406779661017,0,1,0
S0280,2024-05-29,UAE,17,25,36,12,172,6,83,1,1,216,4,43.0,0.03468208092485549,1,1,1
S0281,2023-11-15,Saudi Arabia,48,44,59,28,141,7,20,0,1,412,4,35.25,0.04929577464788732,1,0,0
S0282,2024-06-12,UAE,32,23,73,4,94,14,81,1,1,202,4,23.5,0.14736842105263157,1,1,1
S0283,2022-12-02,Saudi Arabia,38,16,28,1,76,13,43,0,0,760,4,19.0,0.16883116883116883,0,1,0
S0284,2023-01-22,Saudi Arabia,8,30,77,26,123,12,81,1,0,709,4,30.75,0.0967741935483871,1,1,0
S0285,2022-11-04,UAE,8,4,35,16,76,2,9,1,1,788,4,19.0,0.025974025974025976,0,0,1
S0286,2024-03-24,UAE,6,40,41,8,82,13,70,0,1,282,4,20.5,0.1566265060240964,0,1,1
S0287,2023-04-01,UAE,55,39,28,5,160,8,25,0,1,640,4,40.0,0.049689440993788817,1,0,1
S0288,2023-06-30,Saudi Arabia,32,31,31,8,29,14,43,0,0,550,4,7.25,0.4666666666666667,0,1,0
S0289,2022-11-20,Saudi Arabia,51,31,88,26,196,2,20,1,1,772,4,49.0,0.01015228426395939,1,0,0
S0290,2024-11-12,Saudi Arabia,10,12,54,25,36,4,14,1,0,49,4,9.0,0.10810810810810811,0,0,0
S0291,2024-11-08,Saudi Arabia,3,26,72,8,80,7,15,0,0,53,4,20.0,0.08641975308641975,0,0,0
S0292,2024-06-11,UAE,12,37,59,21,106,14,1,1,0,203,4,26.5,0.1308411214953271,1,0,1
S0293,2023-08-21,Saudi Arabia,53,39,58,13,208,8,80,0,1,498,4,52.0,0.03827751196172249,1,1,0
S0294,2023-07-15,UAE,52,27,65,13,169,5,67,0,1,535,4,42.25,0.029411764705882353,1,1,1
S0295,2023-04-04,Saudi Arabia,29,9,54,26,81,12,81,1,0,637,4,20.25,0.14634146341463414,0,1,0
S0296,2023-07-19,Saudi Arabia,5,12,40,12,67,11,30,1,0,531,4,16.75,0.16176470588235295,0,0,0
S0297,2024-10-28,Saudi Arabia,17,10,50,11,134,6,31,0,1,64,4,33.5,0.044444444444444446,1,1,0
S0298,2023-06-09,UAE,25,28,37,12,71,6,19,1,0,571,4,17.75,0.08333333333333333,0,0,1
S0299,2022-04-14,UAE,18,32,21,17,157,8,106,0,1,992,4,39.25,0.05063291139240506,1,1,1
S0300,2022-09-09,UAE,31,5,74,10,95,9,34,1,0,844,4,23.75,0.09375,1,1,1
S0301,2023-09-30,UAE,21,34,55,7,62,3,22,0,0,458,4,15.5,0.047619047619047616,0,0,1
S0302,2023-06-21,UAE,20,34,4,12,119,13,60,1,0,559,4,29.75,0.10833333333333334,1,1,1
S0303,2023-08-02,UAE,39,13,10,20,86,12,83,0,0,517,4,21.5,0.13793103448275862,0,1,1
S0304,2023-06-03,Saudi Arabia,55,33,24,7,143,5,110,0,0,577,4,35.75,0.034722222222222224,1,1,0
S0305,2024-05-24,Saudi Arabia,4,14,75,16,63,5,66,0,0,221,4,15.75,0.078125,0,1,0
S0306,2024-11-11,Saudi Arabia,27,28,64,18,141,1,38,0,1,50,4,35.25,0.007042253521126761,1,1,0
S0307,2023-03-07,UAE,37,27,39,7,172,3,81,0,1,665,4,43.0,0.017341040462427744,1,1,1
S0308,2023-11-04,UAE,42,4,12,20,47,14,58,1,0,423,4,11.75,0.2916666666666667,0,1,1
S0309,2024-10-27,Saudi Arabia,51,39,57,11,121,7,84,0,1,65,4,30.25,0.05737704918032787,1,1,0
S0310,2023-10-26,UAE,49,7,17,26,53,5,6,1,0,432,4,13.25,0.09259259259259259,0,0,1
S0311,2023-11-22,UAE,20,41,35,14,70,10,1,0,0,405,4,17.5,0.14084507042253522,0,0,1
S0312,2023-09-19,Saudi Arabia,52,8,66,11,130,5,84,1,1,469,4,32.5,0.03816793893129771,1,1,0
S0313,2023-11-09,Saudi Arabia,13,37,75,7,57,13,5,0,0,418,4,14.25,0.22413793103448276,0,0,0
S0314,2024-03-14,UAE,53,36,45,14,207,3,96,0,1,292,4,51.75,0.014423076923076924,1,1,1
S0315,2023-06-29,Saudi Arabia,54,15,67,9,142,4,31,0,0,551,4,35.5,0.027972027972027972,1,1,0
S0316,2023-07-04,UAE,36,38,29,4,63,11,44,1,0,546,4,15.75,0.171875,0,1,1
S0317,2022-11-21,Saudi Arabia,33,15,18,16,100,11,41,1,0,771,4,25.0,0.10891089108910891,1,1,0
S0318,2023-03-25,UAE,1,5,20,10,58,3,52,0,0,647,4,14.5,0.05084745762711865,0,1,1
S0319,2024-04-04,UAE,22,42,70,6,163,7,104,0,0,271,4,40.75,0.042682926829268296,1,1,1
S0320,2022-11-05,UAE,13,19,34,24,70,2,74,1,0,787,4,17.5,0.028169014084507043,0,1,1
S0321,2022-06-25,Saudi Arabia,17,10,49,17,85,11,86,1,0,920,4,21.25,0.12790697674418605,0,1,0
S0322,2022-09-02,UAE,24,12,54,9,124,9,74,1,0,851,4,31.0,0.072,1,1,1
S0323,2023-02-03,UAE,8,4,31,13,104,2,48,1,1,697,4,26.0,0.01904761904761905,1,1,1
S0324,2023-12-26,Saudi Arabia,50,31,58,1,92,4,1,0,0,371,4,23.0,0.043010752688172046,1,0,0
S0325,2024-05-23,UAE,27,18,42,2,111,4,66,0,0,222,4,27.75,0.03571428571428571,1,1,1
S0326,2023-08-26,Saudi Arabia,23,42,76,8,176,0,67,0,1,493,4,44.0,0.0,1,1,0
S0327,2023-03-15,Saudi Arabia,23,40,30,24,102,3,49,0,0,657,4,25.5,0.02912621359223301,1,1,0
S0328,2023-08-05,Saudi Arabia,46,36,25,9,106,6,34,0,1,514,4,26.5,0.056074766355140186,1,1,0
S0329,2024-03-18,Saudi Arabia,8,25,63,7,72,11,14,1,0,288,4,18.0,0.1506849315068493,0,0,0
S0330,2022-08-18,Saudi Arabia,8,23,19,16,74,4,74,0,0,866,4,18.5,0.05333333333333334,0,1,0
S0331,2024-03-10,UAE,26,12,72,19,90,4,30,1,0,296,4,22.5,0.04395604395604396,0,0,1
S0332,2023-02-12,Saudi Arabia,31,43,73,22,202,4,47,0,1,688,4,50.5,0.019704433497536946,1,1,0
S0333,2024-03-29,UAE,18,38,22,25,153,3,37,1,0,277,4,38.25,0.01948051948051948,1,1,1
S0334,2023-12-27,Saudi Arabia,39,33,72,26,139,1,91,0,1,370,4,34.75,0.007142857142857143,1,1,0
S0335,2022-04-07,Saudi Arabia,37,3,17,19,76,4,83,0,0,999,4,19.0,0.05194805194805195,0,1,0
S0336,2023-02-17,Saudi Arabia,49,9,14,11,73,12,24,1,0,683,4,18.25,0.16216216216216217,0,0,0
S0337,2024-03-13,UAE,28,18,9,12,76,2,74,1,0,293,4,19.0,0.025974025974025976,0,1,1
S0338,2023-10-06,Saudi Arabia,25,35,62,26,56,9,82,1,0,452,4,14.0,0.15789473684210525,0,1,0
S0339,2024-08-26,UAE,39,30,35,21,168,9,92,1,1,127,4,42.0,0.05325443786982249,1,1,1
S0340,2023-09-21,UAE,2,41,76,13,40,8,58,0,1,467,4,10.0,0.1951219512195122,0,1,1
S0341,2023-07-28,UAE,54,14,37,12,113,6,68,0,0,522,4,28.25,0.05263157894736842,1,1,1
S0342,2023-05-16,Saudi Arabia,55,23,66,25,159,8,116,0,1,595,4,39.75,0.05,1,1,0
S0343,2022-09-26,Saudi Arabia,17,29,20,10,99,5,41,1,0,827,4,24.75,0.05,1,1,0
S0344,2022-08-10,UAE,30,41,35,20,69,9,33,1,1,874,4,17.25,0.12857142857142856,0,1,1
S0345,2023-05-06,Saudi Arabia,54,37,69,11,160,8,104,0,1,605,4,40.0,0.049689440993788817,1,1,0
S0346,2023-06-01,UAE,13,28,47,4,51,12,17,1,1,579,4,12.75,0.23076923076923078,0,0,1
S0347,2023-10-11,Saudi Arabia,32,16,75,24,83,14,76,1,0,447,4,20.75,0.16666666666666666,0,1,0
S0348,2024-09-26,UAE,53,41,55,9,161,4,46,0,1,96,4,40.25,0.024691358024691357,1,1,1
S0349,2022-07-06,UAE,29,5,8,5,83,13,19,0,0,909,4,20.75,0.15476190476190477,0,0,1
S0350,2024-11-01,UAE,46,34,4,12,78,2,65,0,0,60,4,19.5,0.02531645569620253,0,1,1
S0351,2022-10-05,Saudi Arabia,30,1,27,26,58,11,74,1,0,818,4,14.5,0.1864406779661017,0,1,0
S0352,2023-01-06,UAE,18,39,44,3,68,9,61,1,0,725,4,17.0,0.13043478260869565,0,1,1
S0353,2024-09-18,Saudi Arabia,13,32,40,8,72,14,31,1,0,104,4,18.0,0.1917808219178082,0,1,0
S0354,2022-06-15,Saudi Arabia,43,26,47,22,44,3,57,0,0,930,4,11.0,0.06666666666666667,0,1,0
S0355,2023-01-23,UAE,21,17,44,2,60,7,49,1,1,708,4,15.0,0.11475409836065574,0,1,1
S0356,2022-08-16,UAE,43,38,23,25,138,0,44,1,1,868,4,34.5,0.0,1,1,1
S0357,2023-02-01,UAE,21,24,52,9,92,2,54,1,0,699,4,23.0,0.021505376344086023,1,1,1
S0358,2023-06-05,UAE,48,35,68,13,120,7,27,0,0,575,4,30.0,0.05785123966942149,1,0,1
S0359,2023-02-27,Saudi Arabia,17,39,11,7,62,9,73,1,1,673,4,15.5,0.14285714285714285,0,1,0
S0360,2022-08-29,Saudi Arabia,20,37,35,9,136,8,64,0,1,855,4,34.0,0.058394160583941604,1,1,0
S0361,2023-06-04,UAE,19,38,73,9,57,14,80,1,0,576,4,14.25,0.2413793103448276,0,1,1
S0362,2023-11-08,Saudi Arabia,17,24,42,17,152,5,20,0,1,419,4,38.0,0.032679738562091505,1,0,0
S0363,2022-08-20,Saudi Arabia,15,22,76,15,55,6,42,1,0,864,4,13.75,0.10714285714285714,0,1,0
S0364,2023-07-01,Saudi Arabia,26,15,68,17,151,7,98,0,1,549,4,37.75,0.046052631578947366,1,1,0
S0365,2022-09-18,Saudi Arabia,52,9,77,12,92,6,80,0,0,835,4,23.0,0.06451612903225806,1,1,0
S0366,2022-05-05,Saudi Arabia,10,4,48,1,45,4,87,1,0,971,4,11.25,0.08695652173913043,0,1,0
S0367,2024-05-19,Saudi Arabia,44,7,26,12,63,5,35,1,0,226,4,15.75,0.078125,0,1,0
S0368,2022-10-17,Saudi Arabia,17,28,36,15,129,9,52,0,1,806,4,32.25,0.06923076923076923,1,1,0
S0369,2023-04-30,Saudi Arabia,53,2,39,6,74,5,35,1,0,611,4,18.5,0.06666666666666667,0,1,0
S0370,2024-08-06,UAE,23,24,58,19,70,10,27,0,0,147,4,17.5,0.14084507042253522,0,0,1
S0371,2022-09-23,Saudi Arabia,52,40,19,19,57,12,77,1,0,830,4,14.25,0.20689655172413793,0,1,0
S0372,2024-03-12,Saudi Arabia,46,29,33,14,141,0,108,1,1,294,4,35.25,0.0,1,1,0
S0373,2022-08-25,UAE,33,31,77,19,93,14,35,0,0,859,4,23.25,0.14893617021276595,1,1,1
S0374,2022-09-27,Saudi Arabia,52,40,58,3,54,14,69,1,0,826,4,13.5,0.2545454545454545,0,1,0
S0375,2022-04-13,UAE,9,34,28,23,62,11,8,1,0,993,4,15.5,0.1746031746031746,0,0,1
S0376,2024-04-21,UAE,33,17,72,5,170,3,112,0,1,254,4,42.5,0.017543859649122806,1,1,1
S0377,2023-07-29,Saudi Arabia,57,32,75,27,155,6,30,1,0,521,4,38.75,0.038461538461538464,1,0,0
S0378,2022-06-19,Saudi Arabia,1,16,77,18,60,9,75,1,0,926,4,15.0,0.14754098360655737,0,1,0
S0379,2024-10-03,UAE,44,13,58,26,78,6,60,1,0,89,4,19.5,0.0759493670886076,0,1,1
S0380,2024-06-28,UAE,35,15,73,13,65,11,39,1,0,186,4,16.25,0.16666666666666666,0,1,1
S0381,2022-12-01,Saudi Arabia,11,27,14,26,87,13,55,1,1,761,4,21.75,0.14772727272727273,0,1,0
S0382,2022-08-30,UAE,28,23,52,8,170,3,28,0,1,854,4,42.5,0.017543859649122806,1,0,1
S0383,2024-06-07,Saudi Arabia,16,16,33,3,73,9,30,0,0,207,4,18.25,0.12162162162162163,0,0,0
S0384,2022-11-27,UAE,9,30,17,26,112,10,26,1,0,765,4,28.0,0.08849557522123894,1,0,1
S0385,2022-11-13,Saudi Arabia,32,30,24,23,90,11,57,0,0,779,4,22.5,0.12087912087912088,0,1,0
S0386,2024-10-16,UAE,15,36,30,3,35,7,24,0,0,76,4,8.75,0.19444444444444445,0,0,1
S0387,2023-08-20,UAE,12,3,62,23,76,13,68,1,0,499,4,19.0,0.16883116883116883,0,1,1
S0388,2022-08-17,UAE,20,31,89,22,151,1,98,0,0,867,4,37.75,0.006578947368421052,1,1,1
S0389,2024-12-22,Saudi Arabia,45,22,62,27,27,13,4,0,0,9,4,6.75,0.4642857142857143,0,0,0
S0390,2024-05-20,Saudi Arabia,14,12,47,26,43,12,7,1,0,225,4,10.75,0.2727272727272727,0,0,0
S0391,2022-10-09,Saudi Arabia,8,21,16,12,80,4,8,1,0,814,4,20.0,0.04938271604938271,0,0,0
S0392,2022-05-18,Saudi Arabia,8,4,66,27,108,13,14,0,0,958,4,27.0,0.11926605504587157,1,0,0
S0393,2024-03-03,Saudi Arabia,27,31,43,20,75,6,6,1,0,303,4,18.75,0.07894736842105263,0,0,0
S0394,2022-07-24,UAE,12,31,8,7,111,7,71,1,0,891,4,27.75,0.0625,1,1,1
S0395,2023-11-16,Saudi Arabia,1,23,3,25,97,4,14,0,0,411,4,24.25,0.04081632653061224,1,0,0
S0396,2022-06-02,Saudi Arabia,43,20,12,24,100,3,36,0,0,943,4,25.0,0.0297029702970297,1,1,0
S0397,2023-05-17,UAE,40,15,16,8,94,8,82,0,0,594,4,23.5,0.08421052631578947,1,1,1
S0398,2023-06-23,UAE,27,35,59,7,152,5,52,0,1,557,4,38.0,0.032679738562091505,1,1,1
S0399,2024-05-03,UAE,51,28,59,14,87,6,5,0,1,242,4,21.75,0.06818181818181818,0,0,1
S0400,2024-12-29,UAE,11,16,49,5,119,10,82,1,0,2,4,29.75,0.08333333333333333,1,1,1
S0401,2022-05-01,Saudi Arabia,39,37,63,21,92,4,56,1,0,975,4,23.0,0.043010752688172046,1,1,0
S0402,2023-07-18,Saudi Arabia,43,21,62,19,78,9,80,0,0,532,4,19.5,0.11392405063291139,0,1,0
S0403,2023-09-28,UAE,31,15,49,21,44,7,18,1,0,460,4,11.0,0.15555555555555556,0,0,1
S0404,2023-09-20,UAE,17,17,51,16,68,5,62,0,0,468,4,17.0,0.07246376811594203,0,1,1
S0405,2023-12-16,Saudi Arabia,33,37,33,24,115,13,30,1,0,381,4,28.75,0.11206896551724138,1,0,0
S0406,2024-03-01,UAE,34,23,60,17,163,5,49,1,1,305,4,40.75,0.03048780487804878,1,1,1
S0407,2024-10-19,Saudi Arabia,45,37,25,20,132,0,118,0,1,73,4,33.0,0.0,1,1,0
S0408,2023-03-11,Saudi Arabia,18,27,46,8,178,2,47,0,1,661,4,44.5,0.0111731843575419,1,1,0
S0409,2022-05-28,Saudi Arabia,21,18,15,8,104,11,86,0,0,948,4,26.0,0.10476190476190476,1,1,0
S0410,2023-08-27,Saudi Arabia,40,14,23,7,93,7,66,1,0,492,4,23.25,0.07446808510638298,1,1,0
S0411,2023-09-05,Saudi Arabia,16,41,85,17,141,2,52,0,1,483,4,35.25,0.014084507042253521,1,1,0
S0412,2024-10-13,Saudi Arabia,6,36,45,6,113,10,2,1,0,79,4,28.25,0.08771929824561403,1,0,0
S0413,2024-05-27,UAE,22,20,62,5,35,8,17,1,0,218,4,8.75,0.2222222222222222,0,0,1
S0414,2022-12-27,Saudi Arabia,22,29,80,9,148,6,42,1,1,735,4,37.0,0.040268456375838924,1,1,0
S0415,2024-07-02,Saudi Arabia,38,7,71,21,51,6,19,1,0,182,4,12.75,0.11538461538461539,0,0,0
S0416,2024-03-17,UAE,37,4,15,13,82,3,57,0,0,289,4,20.5,0.03614457831325301,0,1,1
S0417,2024-02-18,UAE,45,34,46,10,84,5,85,1,0,317,4,21.0,0.058823529411764705,0,1,1
S0418,2024-07-17,UAE,51,2,64,18,101,3,49,0,0,167,4,25.25,0.029411764705882353,1,1,1
S0419,2023-09-07,UAE,54,5,46,4,90,4,78,1,1,481,4,22.5,0.04395604395604396,0,1,1
S0420,2023-06-28,UAE,8,10,56,8,45,11,9,0,0,552,4,11.25,0.2391304347826087,0,0,1
S0421,2022-04-25,Saudi Arabia,41,32,44,24,56,13,20,0,0,981,4,14.0,0.22807017543859648,0,0,0
S0422,2024-03-22,Saudi Arabia,49,41,75,11,104,4,28,0,0,284,4,26.0,0.0380952380952381,1,0,0
S0423,2023-08-03,Saudi Arabia,47,25,45,19,165,5,55,0,1,516,4,41.25,0.030120481927710843,1,1,0
S0424,2023-10-27,Saudi Arabia,51,39,62,18,68,7,12,1,0,431,4,17.0,0.10144927536231885,0,0,0
S0425,2023-06-14,Saudi Arabia,11,5,52,21,50,13,46,0,0,566,4,12.5,0.2549019607843137,0,1,0
S0426,2023-04-09,UAE,19,22,65,23,159,1,57,1,1,632,4,39.75,0.00625,1,1,1
S0427,2022-06-29,Saudi Arabia,41,14,50,13,129,3,61,0,1,916,4,32.25,0.023076923076923078,1,1,0
S0428,2022-06-07,Saudi Arabia,21,38,66,11,89,2,86,1,0,938,4,22.25,0.022222222222222223,0,1,0
S0429,2024-01-05,Saudi Arabia,51,27,22,16,42,2,3,0,1,361,4,10.5,0.046511627906976744,0,0,0
S0430,2023-01-04,UAE,2,21,20,12,95,10,66,0,0,727,4,23.75,0.10416666666666667,1,1,1
S0431,2023-01-17,Saudi Arabia,40,8,33,13,35,10,84,1,0,714,4,8.75,0.2777777777777778,0,1,0
S0432,2023-04-02,UAE,19,11,55,18,159,8,18,1,1,639,4,39.75,0.05,1,0,1
S0433,2023-03-27,Saudi Arabia,39,28,25,16,76,10,1,1,1,645,4,19.0,0.12987012987012986,0,0,0
S0434,2023-07-07,Saudi Arabia,28,21,43,14,156,9,26,1,1,543,4,39.0,0.05732484076433121,1,0,0
S0435,2023-01-10,Saudi Arabia,17,14,73,26,118,8,64,1,0,721,4,29.5,0.06722689075630252,1,1,0
S0436,2022-04-19,UAE,6,21,57,21,88,10,78,1,0,987,4,22.0,0.11235955056179775,0,1,1
S0437,2022-10-06,Saudi Arabia,19,30,5,1,60,13,56,0,0,817,4,15.0,0.21311475409836064,0,1,0
S0438,2023-04-10,UAE,38,21,55,16,36,8,69,1,0,631,4,9.0,0.21621621621621623,0,1,1
S0439,2024-09-04,Saudi Arabia,28,9,61,15,49,10,6,1,1,118,4,12.25,0.2,0,0,0
S0440,2023-12-13,Saudi Arabia,2,17,8,6,90,3,18,1,0,384,4,22.5,0.03296703296703297,0,0,0
S0441,2022-11-16,UAE,38,5,16,12,54,12,43,0,0,776,4,13.5,0.21818181818181817,0,1,1
S0442,2023-10-31,UAE,37,31,48,8,29,12,62,0,1,427,4,7.25,0.4,0,1,1
S0443,2024-12-02,UAE,51,40,61,7,89,9,64,1,0,29,4,22.25,0.1,0,1,1
S0444,2024-01-20,UAE,52,38,15,2,94,8,38,1,0,346,4,23.5,0.08421052631578947,1,1,1
S0445,2023-10-04,UAE,4,19,65,12,42,7,82,1,0,454,4,10.5,0.16279069767441862,0,1,1
S0446,2023-11-10,UAE,22,36,22,21,91,6,25,1,0,417,4,22.75,0.06521739130434782,1,0,1
S0447,2023-12-31,UAE,34,21,72,26,146,2,99,0,1,366,4,36.5,0.013605442176870748,1,1,1
S0448,2022-09-30,UAE,49,13,54,16,50,8,11,0,1,823,4,12.5,0.1568627450980392,0,0,1
S0449,2024-02-01,UAE,43,14,14,11,77,4,21,0,1,334,4,19.25,0.05128205128205128,0,0,1
S0450,2024-02-09,UAE,37,42,50,12,142,4,110,0,1,326,4,35.5,0.027972027972027972,1,1,1
S0451,2023-11-13,UAE,28,28,68,10,179,3,19,0,1,414,4,44.75,0.016666666666666666,1,0,1
S0452,2024-08-27,Saudi Arabia,37,37,38,20,153,9,117,1,1,126,4,38.25,0.05844155844155844,1,1,0
S0453,2023-05-05,UAE,32,10,49,17,85,12,29,1,0,606,4,21.25,0.13953488372093023,0,0,1
S0454,2022-09-17,UAE,17,31,65,12,92,3,43,1,0,836,4,23.0,0.03225806451612903,1,1,1
S0455,2022-12-11,Saudi Arabia,41,6,57,6,43,10,83,0,1,751,4,10.75,0.22727272727272727,0,1,0
S0456,2024-01-01,UAE,36,1,27,19,87,6,37,1,0,365,4,21.75,0.06818181818181818,0,1,1
S0457,2024-09-08,Saudi Arabia,46,7,75,11,73,12,58,1,0,114,4,18.25,0.16216216216216217,0,1,0
S0458,2024-02-05,Saudi Arabia,19,27,5,9,103,9,41,1,0,330,4,25.75,0.08653846153846154,1,1,0
S0459,2023-04-17,UAE,35,21,71,21,82,4,51,0,1,624,4,20.5,0.04819277108433735,0,1,1
S0460,2023-05-24,Saudi Arabia,46,28,57,6,89,8,62,1,0,587,4,22.25,0.08888888888888889,0,1,0
S0461,2022-06-20,UAE,40,16,15,27,90,3,60,1,1,925,4,22.5,0.03296703296703297,0,1,1
S0462,2022-07-29,UAE,28,23,76,25,38,9,33,1,0,886,4,9.5,0.23076923076923078,0,1,1
S0463,2023-11-26,Saudi Arabia,43,44,69,12,167,1,38,0,1,401,4,41.75,0.005952380952380952,1,1,0
S0464,2024-11-23,Saudi Arabia,42,38,20,24,95,13,40,0,1,38,4,23.75,0.13541666666666666,1,1,0
S0465,2023-05-02,Saudi Arabia,18,25,37,25,57,6,36,1,0,609,4,14.25,0.10344827586206896,0,1,0
S0466,2022-07-20,UAE,48,28,3,16,57,13,64,0,0,895,4,14.25,0.22413793103448276,0,1,1
S0467,2022-07-30,UAE,20,35,47,10,178,2,58,0,1,885,4,44.5,0.0111731843575419,1,1,1
S0468,2023-05-29,UAE,19,30,85,25,141,6,71,0,1,582,4,35.25,0.04225352112676056,1,1,1
S0469,2023-09-14,Saudi Arabia,12,18,39,6,37,2,7,0,0,474,4,9.25,0.05263157894736842,0,0,0
S0470,2023-07-08,UAE,55,10,48,23,132,7,48,0,1,542,4,33.0,0.05263157894736842,1,1,1
S0471,2023-05-21,Saudi Arabia,24,29,2,21,76,13,44,1,0,590,4,19.0,0.16883116883116883,0,1,0
S0472,2022-07-08,UAE,16,19,23,4,121,10,32,1,0,907,4,30.25,0.08196721311475409,1,1,1
S0473,2024-10-23,Saudi Arabia,50,33,23,2,94,11,4,1,0,69,4,23.5,0.11578947368421053,1,0,0
S0474,2022-07-05,UAE,4,1,16,6,115,5,81,0,0,910,4,28.75,0.04310344827586207,1,1,1
S0475,2023-03-09,Saudi Arabia,38,3,9,9,44,14,73,1,0,663,4,11.0,0.3111111111111111,0,1,0
S0476,2024-12-20,UAE,44,21,13,17,89,10,35,1,0,11,4,22.25,0.1111111111111111,0,1,1
S0477,2024-10-14,Saudi Arabia,26,22,30,28,171,1,96,0,1,78,4,42.75,0.005813953488372093,1,1,0
S0478,2024-10-26,UAE,21,27,82,28,149,0,54,0,1,66,4,37.25,0.0,1,1,1
S0479,2023-12-03,UAE,47,40,51,22,43,5,4,1,0,394,4,10.75,0.11363636363636363,0,0,1
S0480,2023-11-21,Saudi Arabia,16,3,64,19,65,10,33,1,0,406,4,16.25,0.15151515151515152,0,1,0
S0481,2023-12-09,UAE,12,25,52,1,79,5,23,0,0,388,4,19.75,0.0625,0,0,1
S0482,2022-07-10,UAE,31,38,38,20,97,6,16,1,0,905,4,24.25,0.061224489795918366,1,0,1
S0483,2022-04-18,Saudi Arabia,24,20,65,25,124,12,70,0,0,988,4,31.0,0.096,1,1,0
S0484,2023-05-08,Saudi Arabia,14,34,18,15,42,9,80,0,0,603,4,10.5,0.20930232558139536,0,1,0
S0485,2023-09-22,UAE,45,21,63,18,88,2,21,1,0,466,4,22.0,0.02247191011235955,0,0,1
S0486,2022-05-20,Saudi Arabia,25,23,51,3,96,2,14,1,1,956,4,24.0,0.020618556701030927,1,0,0
S0487,2022-05-19,Saudi Arabia,34,6,9,18,63,10,14,1,0,957,4,15.75,0.15625,0,0,0
S0488,2023-03-02,Saudi Arabia,3,13,13,2,53,10,24,1,0,670,4,13.25,0.18518518518518517,0,0,0
S0489,2022-09-21,UAE,24,23,40,10,114,5,52,1,0,832,4,28.5,0.043478260869565216,1,1,1
S0490,2023-08-17,Saudi Arabia,40,15,67,29,162,1,59,0,1,502,4,40.5,0.006134969325153374,1,1,0
S0491,2024-08-30,UAE,42,17,79,27,87,3,65,1,0,123,4,21.75,0.03409090909090909,0,1,1
S0492,2023-11-25,UAE,9,2,43,24,102,14,31,1,1,402,4,25.5,0.13592233009708737,1,1,1
S0493,2024-05-02,UAE,26,19,44,3,110,10,20,1,0,243,4,27.5,0.09009009009009009,1,0,1
S0494,2022-07-16,UAE,20,19,68,7,49,5,67,1,0,899,4,12.25,0.1,0,1,1
S0495,2023-06-07,Saudi Arabia,40,7,33,8,80,7,43,0,0,573,4,20.0,0.08641975308641975,0,1,0
S0496,2022-10-02,UAE,10,20,24,19,54,13,82,1,0,821,4,13.5,0.23636363636363636,0,1,1
S0497,2023-06-25,Saudi Arabia,41,32,23,14,121,4,105,1,1,555,4,30.25,0.03278688524590164,1,1,0
S0498,2023-05-28,Saudi Arabia,3,17,10,13,68,13,89,1,0,583,4,17.0,0.18840579710144928,0,1,0
S0499,2024-08-24,Saudi Arabia,34,37,54,26,152,4,49,1,1,129,4,38.0,0.026143790849673203,1,1,0
S0500,2024-09-05,Saudi Arabia,5,2,75,24,79,6,14,0,0,117,4,19.75,0.075,0,0,0
S0501,2024-02-16,UAE,3,36,12,19,91,4,19,1,0,319,4,22.75,0.043478260869565216,1,0,1
S0502,2022-10-01,UAE,27,19,62,23,56,5,33,1,1,822,4,14.0,0.08771929824561403,0,1,1
S0503,2023-05-07,Saudi Arabia,16,17,18,12,57,2,35,0,0,604,4,14.25,0.034482758620689655,0,1,0
S0504,2024-10-04,Saudi Arabia,49,5,63,17,121,10,82,1,0,88,4,30.25,0.08196721311475409,1,1,0
S0505,2024-06-08,UAE,15,39,25,22,65,9,8,1,0,206,4,16.25,0.13636363636363635,0,0,1
S0506,2024-11-22,Saudi Arabia,35,18,12,12,57,5,70,1,0,39,4,14.25,0.08620689655172414,0,1,0
S0507,2024-02-20,Saudi Arabia,12,7,21,13,54,3,29,1,0,315,4,13.5,0.05454545454545454,0,0,0
S0508,2023-04-25,Saudi Arabia,17,23,85,12,175,8,52,0,1,616,4,43.75,0.045454545454545456,1,1,0
S0509,2024-11-18,UAE,53,39,11,12,89,5,62,1,0,43,4,22.25,0.05555555555555555,0,1,1
S0510,2024-04-27,UAE,44,36,64,19,68,10,34,1,1,248,4,17.0,0.14492753623188406,0,1,1
S0511,2022-12-20,Saudi Arabia,26,40,73,14,70,11,12,1,0,742,4,17.5,0.15492957746478872,0,0,0
S0512,2023-09-27,Saudi Arabia,47,4,50,7,86,4,78,1,0,461,4,21.5,0.04597701149425287,0,1,0
S0513,2023-03-08,UAE,34,38,62,13,42,8,45,1,0,664,4,10.5,0.18604651162790697,0,1,1
S0514,2022-04-22,UAE,23,25,49,6,49,8,55,1,0,984,4,12.25,0.16,0,1,1
S0515,2023-02-25,Saudi Arabia,46,27,33,22,106,7,82,0,1,675,4,26.5,0.06542056074766354,1,1,0
S0516,2024-05-04,UAE,50,30,1,19,105,14,86,1,0,241,4,26.25,0.1320754716981132,1,1,1
S0517,2022-11-15,Saudi Arabia,20,12,25,19,65,5,35,1,1,777,4,16.25,0.07575757575757576,0,1,0
S0518,2022-10-03,Saudi Arabia,50,10,51,23,164,6,94,1,1,820,4,41.0,0.03636363636363636,1,1,0
S0519,2024-12-15,UAE,16,34,89,29,153,9,39,0,1,16,4,38.25,0.05844155844155844,1,1,1
S0520,2022-04-29,Saudi Arabia,43,43,25,17,196,6,92,0,1,977,4,49.0,0.030456852791878174,1,1,0
S0521,2023-03-29,UAE,23,9,5,16,83,5,22,1,0,643,4,20.75,0.05952380952380952,0,0,1
S0522,2024-02-02,Saudi Arabia,48,4,19,27,61,9,6,0,0,333,4,15.25,0.14516129032258066,0,0,0
S0523,2024-08-15,Saudi Arabia,48,24,23,4,72,3,75,0,0,138,4,18.0,0.0410958904109589,0,1,0
S0524,2023-03-13,UAE,1,14,9,6,96,9,13,0,0,659,4,24.0,0.09278350515463918,1,0,1
S0525,2023-06-12,Saudi Arabia,54,5,50,8,81,12,45,1,0,568,4,20.25,0.14634146341463414,0,1,0
S0526,2023-10-10,UAE,25,18,16,27,96,11,14,0,1,448,4,24.0,0.1134020618556701,1,0,1
S0527,2024-07-18,Saudi Arabia,29,28,84,9,176,4,73,1,1,166,4,44.0,0.022598870056497175,1,1,0
S0528,2022-10-27,Saudi Arabia,30,12,2,16,106,8,14,1,0,796,4,26.5,0.07476635514018691,1,0,0
S0529,2023-12-28,Saudi Arabia,3,18,14,5,48,8,50,0,0,369,4,12.0,0.16326530612244897,0,1,0
S0530,2022-07-09,UAE,21,17,1,21,47,13,87,1,0,906,4,11.75,0.2708333333333333,0,1,1
S0531,2023-10-17,Saudi Arabia,25,30,58,22,85,10,7,0,0,441,4,21.25,0.11627906976744186,0,0,0
S0532,2022-06-14,UAE,20,24,16,10,70,4,68,1,0,931,4,17.5,0.056338028169014086,0,1,1
S0533,2023-12-20,Saudi Arabia,44,42,53,11,159,0,75,0,1,377,4,39.75,0.0,1,1,0
S0534,2023-01-16,UAE,39,43,30,18,176,7,30,0,1,715,4,44.0,0.03954802259887006,1,0,1
S0535,2024-07-29,Saudi Arabia,59,25,54,7,179,2,116,0,1,155,4,44.75,0.011111111111111112,1,1,0
S0536,2023-06-15,UAE,21,17,14,14,98,5,67,1,0,565,4,24.5,0.050505050505050504,1,1,1
S0537,2022-09-07,UAE,15,43,47,17,201,6,110,1,1,846,4,50.25,0.0297029702970297,1,1,1
S0538,2022-06-21,UAE,52,15,55,20,107,11,15,0,0,924,4,26.75,0.10185185185185185,1,0,1
S0539,2024-04-06,UAE,38,32,15,6,67,6,83,1,1,269,4,16.75,0.08823529411764706,0,1,1
S0540,2023-06-27,UAE,15,9,72,7,107,7,23,0,0,553,4,26.75,0.06481481481481481,1,0,1
S0541,2022-10-12,UAE,46,15,34,5,85,4,5,1,0,811,4,21.25,0.046511627906976744,0,0,1
S0542,2023-01-03,Saudi Arabia,50,41,24,8,139,5,108,1,0,728,4,34.75,0.03571428571428571,1,1,0
S0543,2022-11-29,Saudi Arabia,15,24,27,18,67,5,30,1,1,763,4,16.75,0.07352941176470588,0,0,0
S0544,2023-08-07,UAE,46,35,74,23,124,4,5,1,0,512,4,31.0,0.032,1,0,1
S0545,2022-08-02,UAE,24,39,82,19,156,7,41,0,0,882,4,39.0,0.044585987261146494,1,1,1
S0546,2024-11-05,UAE,50,27,66,12,205,6,103,0,1,56,4,51.25,0.02912621359223301,1,1,1
S0547,2023-09-01,Saudi Arabia,24,19,68,27,37,13,66,0,0,487,4,9.25,0.34210526315789475,0,1,0
S0548,2024-07-10,Saudi Arabia,5,12,14,1,79,10,74,1,0,174,4,19.75,0.125,0,1,0
S0549,2023-11-19,Saudi Arabia,6,20,63,4,63,2,2,1,1,408,4,15.75,0.03125,0,0,0
S0550,2022-08-11,UAE,49,1,65,19,89,3,27,1,1,873,4,22.25,0.03333333333333333,0,0,1
S0551,2022-08-01,Saudi Arabia,43,21,68,12,81,9,73,0,0,883,4,20.25,0.10975609756097561,0,1,0
S0552,2023-07-24,Saudi Arabia,48,1,63,15,114,8,47,1,0,526,4,28.5,0.06956521739130435,1,1,0
S0553,2024-02-29,Saudi Arabia,44,10,64,3,76,13,79,1,1,306,4,19.0,0.16883116883116883,0,1,0
S0554,2022-06-03,Saudi Arabia,47,32,32,23,116,2,9,1,0,942,4,29.0,0.017094017094017096,1,0,0
S0555,2024-08-17,Saudi Arabia,23,39,79,27,87,6,32,1,0,136,4,21.75,0.06818181818181818,0,1,0
S0556,2024-10-05,Saudi Arabia,4,22,13,26,83,11,66,1,0,87,4,20.75,0.13095238095238096,0,1,0
S0557,2023-04-11,UAE,27,18,66,20,98,7,68,1,0,630,4,24.5,0.0707070707070707,1,1,1
S0558,2022-12-31,Saudi Arabia,18,32,19,8,55,6,11,0,0,731,4,13.75,0.10714285714285714,0,0,0
S0559,2022-05-23,Saudi Arabia,21,27,24,11,126,5,56,0,0,953,4,31.5,0.03937007874015748,1,1,0
S0560,2023-03-22,Saudi Arabia,28,28,11,16,39,14,43,0,0,650,4,9.75,0.35,0,1,0
S0561,2022-10-19,Saudi Arabia,35,18,59,9,102,2,12,1,0,804,4,25.5,0.019417475728155338,1,0,0
S0562,2024-12-31,Saudi Arabia,22,39,15,3,69,8,23,1,0,0,4,17.25,0.11428571428571428,0,0,0
S0563,2024-07-19,Saudi Arabia,40,29,10,5,84,10,43,1,0,165,4,21.0,0.11764705882352941,0,1,0
S0564,2024-04-12,UAE,23,27,26,10,176,4,43,0,1,263,4,44.0,0.022598870056497175,1,1,1
S0565,2022-12-26,Saudi Arabia,3,8,27,14,84,4,15,1,0,736,4,21.0,0.047058823529411764,0,0,0
S0566,2023-06-24,UAE,40,38,80,27,185,1,55,0,1,556,4,46.25,0.005376344086021506,1,1,1
S0567,2024-02-11,UAE,50,34,73,15,53,5,75,1,1,324,4,13.25,0.09259259259259259,0,1,1
S0568,2023-02-05,UAE,10,7,52,6,136,11,50,1,1,695,4,34.0,0.08029197080291971,1,1,1
S0569,2023-03-14,Saudi Arabia,25,36,28,27,74,6,20,0,0,658,4,18.5,0.08,0,0,0
S0570,2024-11-28,Saudi Arabia,52,18,65,26,62,13,59,1,0,33,4,15.5,0.20634920634920634,0,1,0
S0571,2022-09-03,Saudi Arabia,49,38,17,4,80,13,50,0,1,850,4,20.0,0.16049382716049382,0,1,0
S0572,2022-08-09,Saudi Arabia,8,9,44,8,63,2,20,1,1,875,4,15.75,0.03125,0,0,0
S0573,2024-06-01,UAE,11,9,10,19,94,6,5,1,0,213,4,23.5,0.06315789473684211,1,0,1
S0574,2022-05-27,Saudi Arabia,5,8,63,27,68,2,72,1,0,949,4,17.0,0.028985507246376812,0,1,0
S0575,2023-03-26,Saudi Arabia,54,20,44,14,190,1,53,0,1,646,4,47.5,0.005235602094240838,1,1,0
S0576,2024-10-20,UAE,53,18,38,13,79,8,75,1,0,72,4,19.75,0.1,0,1,1
S0577,2022-08-27,UAE,37,5,70,16,66,4,57,0,0,857,4,16.5,0.05970149253731343,0,1,1
S0578,2023-07-21,Saudi Arabia,45,14,76,1,100,10,77,1,0,529,4,25.0,0.09900990099009901,1,1,0
S0579,2023-05-11,Saudi Arabia,47,21,46,9,161,1,69,0,1,600,4,40.25,0.006172839506172839,1,1,0
S0580,2023-12-23,Saudi Arabia,19,19,82,9,149,9,118,1,1,374,4,37.25,0.06,1,1,0
S0581,2023-02-21,Saudi Arabia,5,4,44,11,89,8,85,0,0,679,4,22.25,0.08888888888888889,0,1,0
S0582,2022-04-26,Saudi Arabia,9,39,74,21,74,10,33,1,0,980,4,18.5,0.13333333333333333,0,1,0
S0583,2024-06-24,Saudi Arabia,48,20,54,8,112,7,55,0,0,190,4,28.0,0.061946902654867256,1,1,0
S0584,2024-06-05,Saudi Arabia,2,25,20,25,95,11,74,1,0,209,4,23.75,0.11458333333333333,1,1,0
S0585,2024-06-23,Saudi Arabia,17,30,29,11,179,4,48,1,1,191,4,44.75,0.022222222222222223,1,1,0
S0586,2023-05-19,Saudi Arabia,40,12,31,24,118,13,41,1,0,592,4,29.5,0.1092436974789916,1,1,0
S0587,2023-09-26,Saudi Arabia,51,2,7,14,97,8,61,1,0,462,4,24.25,0.08163265306122448,1,1,0
S0588,2023-12-18,Saudi Arabia,30,23,22,22,183,4,61,0,0,379,4,45.75,0.021739130434782608,1,1,0
S0589,2022-05-15,UAE,11,22,10,3,66,6,5,1,0,961,4,16.5,0.08955223880597014,0,0,1
S0590,2022-09-29,UAE,44,14,21,29,167,8,70,0,1,824,4,41.75,0.047619047619047616,1,1,1
S0591,2022-12-08,Saudi Arabia,24,40,73,28,153,5,71,1,1,754,4,38.25,0.032467532467532464,1,1,0
S0592,2024-07-13,Saudi Arabia,32,34,25,9,147,1,97,1,1,171,4,36.75,0.006756756756756757,1,1,0
S0593,2024-02-03,Saudi Arabia,52,40,59,6,181,2,65,1,1,332,4,45.25,0.01098901098901099,1,1,0
S0594,2024-04-30,UAE,33,29,21,5,178,7,68,1,1,245,4,44.5,0.03910614525139665,1,1,1
S0595,2024-08-12,UAE,13,15,67,27,67,6,89,0,0,141,4,16.75,0.08823529411764706,0,1,1
S0596,2022-09-08,Saudi Arabia,8,24,43,21,113,6,55,1,1,845,4,28.25,0.05263157894736842,1,1,0
S0597,2023-01-19,UAE,54,25,79,13,41,10,9,1,0,712,4,10.25,0.23809523809523808,0,0,1
S0598,2023-11-30,Saudi Arabia,28,1,52,9,78,2,86,1,0,397,4,19.5,0.02531645569620253,0,1,0
S0599,2023-10-28,Saudi Arabia,30,7,56,25,84,10,69,1,0,430,4,21.0,0.11764705882352941,0,1,0
S0600,2024-04-19,UAE,9,31,76,10,102,7,22,1,0,256,4,25.5,0.06796116504854369,1,0,1
S0601,2022-04-24,UAE,39,12,68,12,94,5,29,1,0,982,4,23.5,0.05263157894736842,1,0,1
S0602,2022-08-12,UAE,22,44,52,11,139,3,111,0,1,872,4,34.75,0.02142857142857143,1,1,1
S0603,2023-02-23,UAE,21,38,23,1,70,8,36,1,1,677,4,17.5,0.11267605633802817,0,1,1
S0604,2022-12-18,Saudi Arabia,31,20,51,26,156,4,21,1,1,744,4,39.0,0.025477707006369428,1,0,0
S0605,2024-01-24,UAE,34,39,61,14,121,6,48,0,0,342,4,30.25,0.04918032786885246,1,1,1
S0606,2024-11-26,Saudi Arabia,31,18,40,8,55,6,33,1,0,35,4,13.75,0.10714285714285714,0,1,0
S0607,2022-10-14,UAE,52,2,44,16,94,9,43,1,0,809,4,23.5,0.09473684210526316,1,1,1
S0608,2022-07-31,Saudi Arabia,25,10,24,14,30,8,21,0,0,884,4,7.5,0.25806451612903225,0,0,0
S0609,2023-12-14,UAE,12,15,51,1,79,14,30,0,0,383,4,19.75,0.175,0,0,1
S0610,2023-12-04,Saudi Arabia,1,30,58,16,121,14,6,0,1,393,4,30.25,0.11475409836065574,1,0,0
S0611,2022-10-04,UAE,47,33,54,29,181,9,56,0,1,819,4,45.25,0.04945054945054945,1,1,1
S0612,2023-02-02,Saudi Arabia,40,4,16,7,64,12,15,0,0,698,4,16.0,0.18461538461538463,0,0,0
S0613,2024-05-05,UAE,37,7,22,15,72,13,19,1,0,240,4,18.0,0.1780821917808219,0,0,1
S0614,2024-03-19,Saudi Arabia,47,41,57,24,52,11,42,1,0,287,4,13.0,0.20754716981132076,0,1,0
S0615,2024-03-30,Saudi Arabia,1,31,62,17,86,3,43,0,1,276,4,21.5,0.034482758620689655,0,1,0
S0616,2024-02-21,Saudi Arabia,1,39,71,19,101,10,46,0,0,314,4,25.25,0.09803921568627451,1,1,0
S0617,2024-12-11,Saudi Arabia,42,34,72,23,92,4,18,0,1,20,4,23.0,0.043010752688172046,1,0,0
S0618,2023-09-06,UAE,54,6,70,13,42,7,47,1,0,482,4,10.5,0.16279069767441862,0,1,1
S0619,2024-12-16,Saudi Arabia,42,38,30,9,109,7,78,1,0,15,4,27.25,0.06363636363636363,1,1,0
S0620,2022-05-22,UAE,21,34,23,24,29,3,68,1,0,954,4,7.25,0.1,0,1,1
S0621,2024-10-02,Saudi Arabia,15,15,32,24,53,13,10,1,1,90,4,13.25,0.24074074074074073,0,0,0
S0622,2022-09-11,Saudi Arabia,17,14,57,15,101,14,78,1,0,842,4,25.25,0.13725490196078433,1,1,0
S0623,2024-08-05,UAE,29,17,67,7,169,8,105,0,1,148,4,42.25,0.047058823529411764,1,1,1
S0624,2022-09-25,UAE,38,37,31,26,98,10,44,1,0,828,4,24.5,0.10101010101010101,1,1,1
S0625,2022-04-23,Saudi Arabia,32,37,58,26,159,2,112,0,0,983,4,39.75,0.0125,1,1,0
S0626,2023-08-31,Saudi Arabia,45,3,9,24,104,11,35,1,0,488,4,26.0,0.10476190476190476,1,1,0
S0627,2022-05-25,UAE,36,28,68,18,134,8,36,1,1,951,4,33.5,0.05925925925925926,1,1,1
S0628,2024-12-03,Saudi Arabia,8,22,58,16,74,2,86,0,0,28,4,18.5,0.02666666666666667,0,1,0
S0629,2024-11-02,UAE,47,22,3,8,85,9,14,1,0,59,4,21.25,0.10465116279069768,0,0,1
S0630,2023-09-04,UAE,18,16,27,17,134,3,73,1,0,484,4,33.5,0.022222222222222223,1,1,1
S0631,2024-11-14,UAE,17,3,21,13,62,2,66,1,0,47,4,15.5,0.031746031746031744,0,1,1
S0632,2023-07-31,Saudi Arabia,54,12,64,8,94,9,73,0,0,519,4,23.5,0.09473684210526316,1,1,0
S0633,2023-01-15,UAE,26,29,52,17,117,3,39,1,0,716,4,29.25,0.025423728813559324,1,1,1
S0634,2024-03-25,Saudi Arabia,38,34,53,28,150,8,71,0,1,281,4,37.5,0.052980132450331126,1,1,0
S0635,2024-08-31,Saudi Arabia,17,7,35,23,51,7,13,0,0,122,4,12.75,0.1346153846153846,0,0,0
S0636,2022-11-18,Saudi Arabia,38,13,15,14,57,6,62,0,0,774,4,14.25,0.10344827586206896,0,1,0
S0637,2022-05-03,Saudi Arabia,29,27,66,23,152,3,74,0,1,973,4,38.0,0.0196078431372549,1,1,0
S0638,2024-11-16,UAE,15,32,71,26,153,2,87,1,1,45,4,38.25,0.012987012987012988,1,1,1
S0639,2023-06-18,UAE,14,10,52,21,52,14,50,0,1,562,4,13.0,0.2641509433962264,0,1,1
S0640,2024-11-13,UAE,45,39,28,7,65,11,78,1,0,48,4,16.25,0.16666666666666666,0,1,1
S0641,2023-04-06,Saudi Arabia,6,24,64,27,71,5,57,0,0,635,4,17.75,0.06944444444444445,0,1,0
S0642,2022-11-22,Saudi Arabia,35,17,79,15,74,8,14,1,0,770,4,18.5,0.10666666666666667,0,0,0
S0643,2022-05-14,Saudi Arabia,46,6,78,16,97,8,64,0,0,962,4,24.25,0.08163265306122448,1,1,0
S0644,2024-11-27,UAE,14,19,19,19,104,14,87,0,0,34,4,26.0,0.13333333333333333,1,1,1
S0645,2023-04-16,Saudi Arabia,35,35,29,14,171,0,70,0,1,625,4,42.75,0.0,1,1,0
S0646,2023-07-20,UAE,8,32,6,23,108,9,75,1,0,530,4,27.0,0.08256880733944955,1,1,1
S0647,2024-11-29,Saudi Arabia,15,10,73,1,67,3,9,1,0,32,4,16.75,0.04411764705882353,0,0,0
S0648,2024-08-04,Saudi Arabia,54,9,38,12,112,12,41,1,0,149,4,28.0,0.10619469026548672,1,1,0
S0649,2024-03-11,UAE,27,27,26,18,88,13,10,1,0,295,4,22.0,0.14606741573033707,0,0,1
S0650,2024-07-26,Saudi Arabia,13,13,51,16,100,3,15,0,0,158,4,25.0,0.0297029702970297,1,0,0
S0651,2022-10-18,UAE,21,35,65,15,157,2,59,0,1,805,4,39.25,0.012658227848101266,1,1,1
S0652,2024-08-08,UAE,31,21,53,20,87,14,77,1,0,145,4,21.75,0.1590909090909091,0,1,1
S0653,2024-08-18,Saudi Arabia,59,39,29,6,173,4,93,0,1,135,4,43.25,0.022988505747126436,1,1,0
S0654,2023-08-23,Saudi Arabia,35,38,59,8,108,14,30,0,0,496,4,27.0,0.12844036697247707,1,0,0
S0655,2024-12-01,Saudi Arabia,33,29,30,20,164,8,111,1,1,30,4,41.0,0.048484848484848485,1,1,0
S0656,2024-07-15,UAE,49,41,31,27,182,0,79,0,1,169,4,45.5,0.0,1,1,1
S0657,2023-11-07,Saudi Arabia,22,35,58,22,133,13,89,1,0,420,4,33.25,0.09701492537313433,1,1,0
S0658,2024-11-30,UAE,49,3,13,1,75,10,7,1,0,31,4,18.75,0.13157894736842105,0,0,1
S0659,2022-09-16,UAE,23,4,43,26,106,14,23,1,0,837,4,26.5,0.1308411214953271,1,0,1
S0660,2024-10-01,UAE,25,37,76,21,88,14,7,1,0,91,4,22.0,0.15730337078651685,0,0,1
S0661,2022-09-06,Saudi Arabia,26,38,30,15,185,2,42,0,1,847,4,46.25,0.010752688172043012,1,1,0
S0662,2024-06-16,UAE,41,17,81,27,141,2,59,0,1,198,4,35.25,0.014084507042253521,1,1,1
S0663,2024-12-25,UAE,47,31,21,22,79,4,29,0,0,6,4,19.75,0.05,0,0,1
S0664,2024-05-01,Saudi Arabia,5,25,24,13,106,13,57,1,1,244,4,26.5,0.12149532710280374,1,1,0
S0665,2022-07-27,Saudi Arabia,26,40,26,13,32,6,85,1,0,888,4,8.0,0.18181818181818182,0,1,0
S0666,2022-11-19,UAE,20,13,45,9,90,11,54,0,0,773,4,22.5,0.12087912087912088,0,1,1
S0667,2024-02-24,Saudi Arabia,6,4,28,24,67,10,72,0,0,311,4,16.75,0.14705882352941177,0,1,0
S0668,2022-07-19,UAE,6,14,29,15,113,7,61,0,0,896,4,28.25,0.06140350877192982,1,1,1
S0669,2023-06-02,Saudi Arabia,50,13,17,4,77,4,47,1,0,578,4,19.25,0.05128205128205128,0,1,0
S0670,2023-05-31,Saudi Arabia,18,27,68,13,83,11,3,1,0,580,4,20.75,0.13095238095238096,0,0,0
S0671,2024-04-26,UAE,4,6,44,27,96,10,36,1,0,249,4,24.0,0.10309278350515463,1,1,1
S0672,2023-11-14,Saudi Arabia,17,17,61,12,99,7,7,0,0,413,4,24.75,0.07,1,0,0
S0673,2024-05-26,Saudi Arabia,14,36,68,5,52,5,0,1,0,219,4,13.0,0.09433962264150944,0,0,0
S0674,2024-02-08,Saudi Arabia,14,40,74,7,78,5,69,0,0,327,4,19.5,0.06329113924050633,0,1,0
S0675,2022-08-04,Saudi Arabia,13,35,25,8,84,9,46,0,0,880,4,21.0,0.10588235294117647,0,1,0
S0676,2022-05-30,Saudi Arabia,7,17,67,5,64,8,74,1,0,946,4,16.0,0.12307692307692308,0,1,0
S0677,2022-09-05,Saudi Arabia,44,41,2,9,121,2,4,1,0,848,4,30.25,0.01639344262295082,1,0,0
S0678,2023-05-15,UAE,15,2,49,14,77,7,49,0,0,596,4,19.25,0.08974358974358974,0,1,1
S0679,2024-11-07,Saudi Arabia,19,13,70,26,87,9,23,0,1,54,4,21.75,0.10227272727272728,0,0,0
S0680,2022-10-31,UAE,43,2,26,12,93,4,46,0,1,792,4,23.25,0.0425531914893617,1,1,1
S0681,2024-01-25,Saudi Arabia,47,28,72,4,48,10,17,1,0,341,4,12.0,0.20408163265306123,0,0,0
S0682,2024-07-28,UAE,44,26,27,20,110,11,83,0,1,156,4,27.5,0.0990990990990991,1,1,1
S0683,2024-05-08,Saudi Arabia,35,22,18,8,90,3,27,0,0,237,4,22.5,0.03296703296703297,0,0,0
S0684,2022-04-15,UAE,17,3,54,17,118,7,76,0,0,991,4,29.5,0.058823529411764705,1,1,1
S0685,2024-06-22,Saudi Arabia,35,35,1,8,81,13,4,1,0,192,4,20.25,0.15853658536585366,0,0,0
S0686,2022-05-13,Saudi Arabia,19,12,61,21,98,2,29,0,0,963,4,24.5,0.020202020202020204,1,0,0
S0687,2023-07-03,Saudi Arabia,19,27,55,22,137,3,118,1,1,547,4,34.25,0.021739130434782608,1,1,0
S0688,2024-01-18,Saudi Arabia,36,5,68,1,80,12,85,1,0,348,4,20.0,0.14814814814814814,0,1,0
S0689,2022-12-16,Saudi Arabia,37,24,63,24,160,1,32,0,1,746,4,40.0,0.006211180124223602,1,1,0
S0690,2023-02-04,Saudi Arabia,32,39,37,2,66,14,45,1,0,696,4,16.5,0.208955223880597,0,1,0
S0691,2024-04-22,UAE,48,39,51,4,78,6,68,0,0,253,4,19.5,0.0759493670886076,0,1,1
S0692,2023-10-30,Saudi Arabia,37,36,32,29,205,5,116,0,1,428,4,51.25,0.024271844660194174,1,1,0
S0693,2023-12-21,Saudi Arabia,30,24,50,24,160,4,74,0,1,376,4,40.0,0.024844720496894408,1,1,0
S0694,2024-04-08,UAE,24,12,38,1,106,2,55,0,0,267,4,26.5,0.018691588785046728,1,1,1
S0695,2024-09-14,UAE,17,13,56,7,123,14,88,1,0,108,4,30.75,0.11290322580645161,1,1,1
S0696,2022-12-25,Saudi Arabia,7,10,47,1,88,10,27,1,0,737,4,22.0,0.11235955056179775,0,0,0
S0697,2023-12-08,Saudi Arabia,23,22,34,21,161,8,32,0,1,389,4,40.25,0.04938271604938271,1,1,0
S0698,2023-01-29,Saudi Arabia,50,40,78,3,94,12,53,0,0,702,4,23.5,0.12631578947368421,1,1,0
S0699,2023-05-26,UAE,1,16,49,12,118,4,52,1,1,585,4,29.5,0.03361344537815126,1,1,1
S0700,2022-09-04,UAE,35,35,41,19,73,13,11,1,0,849,4,18.25,0.17567567567567569,0,0,1
S0701,2024-06-03,Saudi Arabia,32,3,30,15,83,3,19,0,0,211,4,20.75,0.03571428571428571,0,0,0
S0702,2024-01-07,UAE,36,5,5,22,111,2,81,1,0,359,4,27.75,0.017857142857142856,1,1,1
S0703,2024-09-12,UAE,37,22,33,20,180,5,89,0,1,110,4,45.0,0.027624309392265192,1,1,1
S0704,2023-10-09,Saudi Arabia,6,11,31,10,61,5,52,0,1,449,4,15.25,0.08064516129032258,0,1,0
S0705,2024-09-09,UAE,14,7,52,22,95,13,63,1,0,113,4,23.75,0.13541666666666666,1,1,1
S0706,2023-08-08,Saudi Arabia,37,10,23,27,40,2,22,0,0,511,4,10.0,0.04878048780487805,0,0,0
S0707,2022-09-01,Saudi Arabia,35,23,24,19,156,5,72,1,1,852,4,39.0,0.03184713375796178,1,1,0
S0708,2022-08-31,Saudi Arabia,15,3,40,6,81,8,16,0,0,853,4,20.25,0.0975609756097561,0,0,0
S0709,2024-03-27,Saudi Arabia,51,43,47,20,160,6,77,1,0,279,4,40.0,0.037267080745341616,1,1,0
S0710,2024-10-24,Saudi Arabia,4,31,38,21,95,8,20,1,0,68,4,23.75,0.08333333333333333,1,0,0
S0711,2024-04-15,UAE,40,11,41,22,118,13,49,0,0,260,4,29.5,0.1092436974789916,1,1,1
S0712,2024-01-26,Saudi Arabia,16,7,27,24,49,8,39,1,0,340,4,12.25,0.16,0,1,0
S0713,2023-03-21,Saudi Arabia,44,40,86,27,151,0,97,0,1,651,4,37.75,0.0,1,1,0
S0714,2023-07-14,Saudi Arabia,36,34,81,7,148,2,69,0,1,536,4,37.0,0.013422818791946308,1,1,0
S0715,2023-02-26,UAE,4,41,57,19,88,14,60,1,1,674,4,22.0,0.15730337078651685,0,1,1
S0716,2022-10-10,Saudi Arabia,44,17,56,17,164,4,76,0,1,813,4,41.0,0.024242424242424242,1,1,0
S0717,2022-08-08,Saudi Arabia,31,36,27,26,168,9,101,0,1,876,4,42.0,0.05325443786982249,1,1,0
S0718,2024-08-07,Saudi Arabia,28,34,47,24,63,2,86,1,0,146,4,15.75,0.03125,0,1,0
S0719,2023-12-06,Saudi Arabia,32,16,79,7,93,13,5,0,0,391,4,23.25,0.13829787234042554,1,0,0
S0720,2022-08-28,UAE,45,25,13,10,126,14,27,1,0,856,4,31.5,0.11023622047244094,1,0,1
S0721,2024-11-20,UAE,2,12,11,7,126,9,71,0,0,41,4,31.5,0.07086614173228346,1,1,1
S0722,2022-10-21,Saudi Arabia,24,39,27,16,196,6,90,0,1,802,4,49.0,0.030456852791878174,1,1,0
S0723,2023-12-07,UAE,3,39,73,12,71,5,57,0,0,390,4,17.75,0.06944444444444445,0,1,1
S0724,2023-01-11,UAE,54,17,4,16,95,14,44,1,0,720,4,23.75,0.14583333333333334,1,1,1
S0725,2023-01-25,UAE,8,11,46,25,76,9,71,0,0,706,4,19.0,0.11688311688311688,0,1,1
S0726,2023-05-12,Saudi Arabia,24,6,18,21,75,5,18,0,0,599,4,18.75,0.06578947368421052,0,0,0
S0727,2022-08-07,Saudi Arabia,15,23,43,18,92,9,28,1,0,877,4,23.0,0.0967741935483871,1,0,0
S0728,2022-10-07,Saudi Arabia,43,27,33,3,106,6,22,0,0,816,4,26.5,0.056074766355140186,1,0,0
S0729,2022-10-26,UAE,31,6,10,20,100,5,31,1,0,797,4,25.0,0.04950495049504951,1,1,1
S0730,2023-06-19,Saudi Arabia,9,38,73,15,77,7,9,1,0,561,4,19.25,0.08974358974358974,0,0,0
S0731,2022-12-09,Saudi Arabia,39,2,59,5,106,3,48,1,0,753,4,26.5,0.028037383177570093,1,1,0
S0732,2023-05-27,Saudi Arabia,45,22,31,13,52,13,64,0,0,584,4,13.0,0.24528301886792453,0,1,0
S0733,2024-10-25,UAE,2,20,28,19,26,3,28,0,1,67,4,6.5,0.1111111111111111,0,0,1
S0734,2024-05-11,Saudi Arabia,8,25,60,12,73,3,58,0,0,234,4,18.25,0.04054054054054054,0,1,0
S0735,2024-09-29,UAE,22,39,79,5,172,4,72,0,1,93,4,43.0,0.023121387283236993,1,1,1
S0736,2024-07-20,UAE,44,29,55,21,37,11,66,0,0,164,4,9.25,0.2894736842105263,0,1,1
S0737,2024-09-10,Saudi Arabia,51,8,14,5,68,4,50,0,0,112,4,17.0,0.057971014492753624,0,1,0
S0738,2022-08-14,UAE,39,37,58,6,89,11,10,0,0,870,4,22.25,0.12222222222222222,0,0,1
S0739,2024-01-04,Saudi Arabia,42,33,15,7,63,5,85,0,0,362,4,15.75,0.078125,0,1,0
S0740,2023-05-14,UAE,16,22,2,26,37,11,81,1,0,597,4,9.25,0.2894736842105263,0,1,1
S0741,2024-05-30,Saudi Arabia,35,5,24,10,100,13,5,0,0,215,4,25.0,0.12871287128712872,1,0,0
S0742,2024-05-16,UAE,30,39,78,16,117,9,66,1,0,229,4,29.25,0.07627118644067797,1,1,1
S0743,2024-04-11,UAE,54,18,62,20,162,3,77,0,1,264,4,40.5,0.018404907975460124,1,1,1
S0744,2024-10-06,UAE,56,14,54,15,146,1,93,0,1,86,4,36.5,0.006802721088435374,1,1,1
S0745,2022-11-12,UAE,18,37,24,27,107,11,8,0,0,780,4,26.75,0.10185185185185185,1,0,1
S0746,2024-01-08,Saudi Arabia,50,30,27,4,84,11,27,0,0,358,4,21.0,0.12941176470588237,0,0,0
S0747,2024-10-08,UAE,5,31,37,21,83,14,82,0,0,84,4,20.75,0.16666666666666666,0,1,1
S0748,2024-04-28,UAE,53,10,39,21,55,8,76,1,1,247,4,13.75,0.14285714285714285,0,1,1
S0749,2024-06-21,Saudi Arabia,29,15,63,8,101,6,37,0,0,193,4,25.25,0.058823529411764705,1,1,0
S0750,2024-10-12,Saudi Arabia,39,18,79,25,78,10,42,1,0,80,4,19.5,0.12658227848101267,0,1,0
S0751,2023-12-22,UAE,43,38,29,11,189,5,28,1,1,375,4,47.25,0.02631578947368421,1,0,1
S0752,2024-08-28,UAE,43,33,65,15,125,4,61,1,0,125,4,31.25,0.031746031746031744,1,1,1
S0753,2024-05-06,UAE,45,16,4,21,50,14,45,1,0,239,4,12.5,0.27450980392156865,0,1,1
S0754,2023-04-28,Saudi Arabia,23,38,29,3,30,3,69,1,1,613,4,7.5,0.0967741935483871,0,1,0
S0755,2024-12-04,UAE,5,35,1,17,90,2,37,1,0,27,4,22.5,0.02197802197802198,0,1,1
S0756,2023-08-29,Saudi Arabia,30,34,50,11,75,12,48,0,0,490,4,18.75,0.15789473684210525,0,1,0
S0757,2022-12-30,UAE,6,28,11,9,93,7,74,1,1,732,4,23.25,0.07446808510638298,1,1,1
S0758,2024-07-04,Saudi Arabia,46,2,74,5,104,11,80,1,0,180,4,26.0,0.10476190476190476,1,1,0
S0759,2023-06-22,UAE,44,30,59,25,81,3,38,1,1,558,4,20.25,0.036585365853658534,0,1,1
S0760,2023-08-16,UAE,4,13,62,10,109,9,70,0,0,503,4,27.25,0.08181818181818182,1,1,1
S0761,2022-07-28,Saudi Arabia,40,27,65,11,180,4,60,1,1,887,4,45.0,0.022099447513812154,1,1,0
S0762,2024-02-27,UAE,23,16,56,14,91,13,20,0,1,308,4,22.75,0.14130434782608695,1,0,1
S0763,2022-11-25,Saudi Arabia,21,41,83,26,141,1,84,1,1,767,4,35.25,0.007042253521126761,1,1,0
S0764,2024-08-23,UAE,32,28,13,21,69,6,88,0,0,130,4,17.25,0.08571428571428572,0,1,1
S0765,2023-12-05,UAE,42,39,9,20,42,14,31,0,0,392,4,10.5,0.32558139534883723,0,1,1
S0766,2024-02-07,Saudi Arabia,31,15,70,23,156,6,47,0,1,328,4,39.0,0.03821656050955414,1,1,0
S0767,2023-04-15,UAE,15,24,75,12,111,8,68,1,0,626,4,27.75,0.07142857142857142,1,1,1
S0768,2024-12-13,UAE,40,27,70,1,76,3,29,0,0,18,4,19.0,0.03896103896103896,0,0,1
S0769,2024-07-27,Saudi Arabia,32,30,1,24,118,14,7,1,0,157,4,29.5,0.11764705882352941,1,0,0
S0770,2022-11-26,Saudi Arabia,9,27,70,20,49,6,18,1,0,766,4,12.25,0.12,0,0,0
S0771,2024-05-31,UAE,37,26,77,5,86,3,58,0,0,214,4,21.5,0.034482758620689655,0,1,1
S0772,2024-02-12,UAE,57,27,50,25,166,9,31,0,1,323,4,41.5,0.05389221556886228,1,1,1
S0773,2023-02-18,UAE,20,38,31,24,87,11,29,1,0,682,4,21.75,0.125,0,0,1
S0774,2024-01-15,UAE,40,26,63,12,143,7,59,1,0,351,4,35.75,0.04861111111111111,1,1,1
S0775,2023-05-22,Saudi Arabia,48,23,47,8,111,12,35,0,0,589,4,27.75,0.10714285714285714,1,1,0
S0776,2024-09-21,UAE,3,28,78,7,39,3,54,1,0,101,4,9.75,0.075,0,1,1
S0777,2024-03-16,Saudi Arabia,42,34,47,4,75,8,43,1,0,290,4,18.75,0.10526315789473684,0,1,0
S0778,2023-03-31,Saudi Arabia,11,15,69,6,82,10,26,1,0,641,4,20.5,0.12048192771084337,0,0,0
S0779,2022-12-21,Saudi Arabia,15,43,75,9,175,3,52,0,1,741,4,43.75,0.017045454545454544,1,1,0
S0780,2024-04-20,Saudi Arabia,17,26,36,20,129,8,77,0,0,255,4,32.25,0.06153846153846154,1,1,0
S0781,2023-12-25,Saudi Arabia,32,31,32,15,67,5,53,1,0,372,4,16.75,0.07352941176470588,0,1,0
S0782,2023-12-30,Saudi Arabia,4,19,64,14,57,3,47,0,0,367,4,14.25,0.05172413793103448,0,1,0
S0783,2023-01-14,UAE,4,9,71,23,114,4,29,1,1,717,4,28.5,0.034782608695652174,1,0,1
S0784,2023-04-18,Saudi Arabia,17,29,42,12,111,3,38,1,1,623,4,27.75,0.026785714285714284,1,1,0
S0785,2023-04-26,Saudi Arabia,41,39,48,12,108,6,12,1,1,615,4,27.0,0.05504587155963303,1,0,0
S0786,2022-11-17,Saudi Arabia,19,4,74,16,89,7,15,1,0,775,4,22.25,0.07777777777777778,0,0,0
S0787,2024-11-15,Saudi Arabia,28,10,36,23,157,0,49,0,1,46,4,39.25,0.0,1,1,0
S0788,2024-06-29,Saudi Arabia,32,29,21,13,93,4,70,1,0,185,4,23.25,0.0425531914893617,1,1,0
S0789,2023-07-23,Saudi Arabia,22,11,60,11,100,5,26,1,0,527,4,25.0,0.04950495049504951,1,0,0
S0790,2023-03-20,UAE,6,33,13,17,89,9,44,0,0,652,4,22.25,0.1,0,1,1
S0791,2023-08-25,UAE,35,38,1,21,23,5,34,0,0,494,4,5.75,0.20833333333333334,0,1,1
S0792,2024-01-06,UAE,22,11,65,15,71,8,78,1,0,360,4,17.75,0.1111111111111111,0,1,1
S0793,2024-12-19,Saudi Arabia,1,27,33,14,125,13,27,1,1,12,4,31.25,0.10317460317460317,1,0,0
S0794,2024-10-21,Saudi Arabia,20,33,38,10,93,7,6,0,0,71,4,23.25,0.07446808510638298,1,0,0
S0795,2024-09-28,UAE,22,21,25,12,49,8,61,1,1,94,4,12.25,0.16,0,1,1
S0796,2023-12-17,Saudi Arabia,48,39,26,16,82,2,50,0,0,380,4,20.5,0.024096385542168676,0,1,0
S0797,2024-08-09,Saudi Arabia,11,31,77,15,85,4,45,1,1,144,4,21.25,0.046511627906976744,0,1,0
S0798,2024-06-18,Saudi Arabia,13,38,59,10,50,7,19,0,0,196,4,12.5,0.13725490196078433,0,0,0
S0799,2024-01-12,Saudi Arabia,42,2,33,4,48,4,37,1,0,354,4,12.0,0.08163265306122448,0,1,0
S0800,2024-07-31,Saudi Arabia,16,10,89,21,196,1,50,0,0,153,4,49.0,0.005076142131979695,1,1,0
S0801,2023-10-15,Saudi Arabia,46,33,81,21,153,5,86,0,1,443,4,38.25,0.032467532467532464,1,1,0
S0802,2024-11-19,Saudi Arabia,12,11,57,9,54,4,25,1,0,42,4,13.5,0.07272727272727272,0,0,0
S0803,2023-11-05,Saudi Arabia,23,18,49,21,74,2,57,1,0,422,4,18.5,0.02666666666666667,0,1,0
S0804,2024-06-10,UAE,14,1,48,20,56,11,38,1,0,204,4,14.0,0.19298245614035087,0,1,1
S0805,2022-07-01,UAE,33,35,72,9,72,14,19,0,0,914,4,18.0,0.1917808219178082,0,0,1
S0806,2022-12-05,UAE,54,39,59,18,149,7,64,1,1,757,4,37.25,0.04666666666666667,1,1,1
S0807,2024-03-05,UAE,49,31,47,25,74,13,49,0,1,301,4,18.5,0.17333333333333334,0,1,1
S0808,2022-09-13,UAE,41,28,56,24,132,2,78,1,0,840,4,33.0,0.015037593984962405,1,1,1
S0809,2023-09-13,Saudi Arabia,9,39,65,20,96,2,51,1,0,475,4,24.0,0.020618556701030927,1,1,0
S0810,2022-05-12,Saudi Arabia,23,1,12,11,92,9,85,1,0,964,4,23.0,0.0967741935483871,1,1,0
S0811,2023-09-29,Saudi Arabia,10,25,69,11,82,10,21,0,0,459,4,20.5,0.12048192771084337,0,0,0
S0812,2022-09-24,UAE,16,43,25,23,152,4,92,0,1,829,4,38.0,0.026143790849673203,1,1,1
S0813,2024-01-21,UAE,47,20,65,21,69,10,84,1,0,345,4,17.25,0.14285714285714285,0,1,1
S0814,2024-09-13,Saudi Arabia,5,3,25,10,79,6,65,1,0,109,4,19.75,0.075,0,1,0
S0815,2024-08-11,UAE,47,2,1,4,29,14,42,0,0,142,4,7.25,0.4666666666666667,0,1,1
S0816,2024-08-01,Saudi Arabia,52,18,32,5,86,9,81,1,0,152,4,21.5,0.10344827586206896,0,1,0
S0817,2024-11-06,UAE,43,26,62,10,139,6,69,1,1,55,4,34.75,0.04285714285714286,1,1,1
S0818,2024-04-09,Saudi Arabia,30,5,49,11,110,8,76,0,0,266,4,27.5,0.07207207207207207,1,1,0
S0819,2022-07-11,Saudi Arabia,25,9,19,9,99,5,63,1,0,904,4,24.75,0.05,1,1,0
S0820,2023-10-22,Saudi Arabia,28,2,60,16,90,3,8,1,0,436,4,22.5,0.03296703296703297,0,0,0
S0821,2022-12-03,Saudi Arabia,34,34,29,9,92,6,6,1,0,759,4,23.0,0.06451612903225806,1,0,0
S0822,2024-04-18,Saudi Arabia,17,31,74,11,167,8,105,0,1,257,4,41.75,0.047619047619047616,1,1,0
S0823,2023-11-02,Saudi Arabia,48,31,2,4,94,12,53,0,0,425,4,23.5,0.12631578947368421,1,1,0
S0824,2024-02-26,UAE,54,28,68,11,165,7,115,0,1,309,4,41.25,0.04216867469879518,1,1,1
S0825,2023-07-11,Saudi Arabia,25,12,56,14,98,10,1,1,0,539,4,24.5,0.10101010101010101,1,0,0
S0826,2023-10-12,Saudi Arabia,10,36,17,3,91,7,3,1,0,446,4,22.75,0.07608695652173914,1,0,0
S0827,2024-09-11,UAE,14,21,60,18,114,2,77,1,0,111,4,28.5,0.017391304347826087,1,1,1
S0828,2022-10-30,UAE,42,6,36,21,100,4,31,1,0,793,4,25.0,0.039603960396039604,1,1,1
S0829,2023-05-04,Saudi Arabia,46,38,74,8,188,2,102,0,0,607,4,47.0,0.010582010582010581,1,1,0
S0830,2024-06-09,Saudi Arabia,30,10,17,11,79,5,63,1,0,205,4,19.75,0.0625,0,1,0
S0831,2023-05-09,Saudi Arabia,41,5,49,21,101,10,13,1,0,602,4,25.25,0.09803921568627451,1,0,0
S0832,2024-05-12,Saudi Arabia,25,26,76,18,73,12,19,1,0,233,4,18.25,0.16216216216216217,0,0,0
S0833,2024-08-02,UAE,16,36,30,23,188,7,32,1,1,151,4,47.0,0.037037037037037035,1,1,1
S0834,2022-11-10,Saudi Arabia,35,26,20,5,116,5,48,0,0,782,4,29.0,0.042735042735042736,1,1,0
S0835,2022-04-11,Saudi Arabia,52,38,50,9,87,2,7,0,0,995,4,21.75,0.022727272727272728,0,0,0
S0836,2024-05-14,UAE,48,26,3,20,40,9,62,0,0,231,4,10.0,0.21951219512195122,0,1,1
S0837,2024-01-09,Saudi Arabia,34,8,43,26,51,12,45,0,0,357,4,12.75,0.23076923076923078,0,1,0
S0838,2024-10-22,Saudi Arabia,10,5,57,18,55,3,20,0,0,70,4,13.75,0.05357142857142857,0,0,0
S0839,2023-12-10,Saudi Arabia,35,15,50,19,108,12,86,0,0,387,4,27.0,0.11009174311926606,1,1,0
S0840,2024-04-14,UAE,50,19,42,21,157,6,22,1,1,261,4,39.25,0.0379746835443038,1,0,1
S0841,2023-10-05,Saudi Arabia,11,1,50,9,84,9,7,0,0,453,4,21.0,0.10588235294117647,0,0,0
S0842,2024-04-01,UAE,23,32,31,13,142,9,94,1,1,274,4,35.5,0.06293706293706294,1,1,1
S0843,2024-02-19,Saudi Arabia,21,37,46,17,90,9,39,0,0,316,4,22.5,0.0989010989010989,0,1,0
S0844,2022-07-14,Saudi Arabia,22,3,42,17,111,7,26,1,0,901,4,27.75,0.0625,1,0,0
S0845,2024-06-19,UAE,53,24,81,14,166,9,21,0,1,195,4,41.5,0.05389221556886228,1,0,1
S0846,2024-04-03,UAE,7,13,33,23,83,6,34,1,0,272,4,20.75,0.07142857142857142,0,1,1
S0847,2023-11-01,UAE,31,13,50,19,153,1,100,0,1,426,4,38.25,0.006493506493506494,1,1,1
S0848,2023-05-18,UAE,2,21,20,9,74,11,14,0,0,593,4,18.5,0.14666666666666667,0,0,1
S0849,2023-08-22,UAE,12,2,24,9,65,12,62,0,0,497,4,16.25,0.18181818181818182,0,1,1
S0850,2022-05-24,Saudi Arabia,33,25,76,7,169,2,26,1,1,952,4,42.25,0.011764705882352941,1,0,0
S0851,2022-05-09,Saudi Arabia,18,38,65,15,50,8,80,1,0,967,4,12.5,0.1568627450980392,0,1,0
S0852,2024-05-25,UAE,54,26,73,15,63,9,65,1,1,220,4,15.75,0.140625,0,1,1
S0853,2024-07-24,Saudi Arabia,11,38,76,3,125,13,30,0,0,160,4,31.25,0.10317460317460317,1,0,0
S0854,2022-10-24,UAE,42,11,85,17,197,0,61,1,1,799,4,49.25,0.0,1,1,1
S0855,2022-08-19,UAE,49,11,61,3,98,8,63,1,0,865,4,24.5,0.08080808080808081,1,1,1
S0856,2022-05-04,Saudi Arabia,51,8,15,6,38,3,33,1,0,972,4,9.5,0.07692307692307693,0,1,0
S0857,2024-09-03,Saudi Arabia,18,8,51,4,50,12,54,0,1,119,4,12.5,0.23529411764705882,0,1,0
S0858,2022-11-23,UAE,43,15,40,13,143,3,83,0,1,769,4,35.75,0.020833333333333332,1,1,1
S0859,2023-08-09,Saudi Arabia,31,31,63,26,181,6,16,0,1,510,4,45.25,0.03296703296703297,1,0,0
S0860,2024-05-18,UAE,26,38,61,27,113,8,16,1,1,227,4,28.25,0.07017543859649122,1,0,1
S0861,2023-04-20,Saudi Arabia,16,21,58,13,78,13,77,1,0,621,4,19.5,0.16455696202531644,0,1,0
S0862,2023-01-20,UAE,45,10,85,15,162,9,68,0,1,711,4,40.5,0.05521472392638037,1,1,1
S0863,2023-05-30,Saudi Arabia,44,21,12,11,29,7,45,0,0,581,4,7.25,0.23333333333333334,0,1,0
S0864,2024-02-10,UAE,43,20,46,5,89,10,37,1,0,325,4,22.25,0.1111111111111111,0,1,1
S0865,2023-05-03,Saudi Arabia,47,8,31,1,67,14,34,0,0,608,4,16.75,0.20588235294117646,0,1,0
S0866,2023-11-20,Saudi Arabia,47,31,32,9,113,2,0,1,0,407,4,28.25,0.017543859649122806,1,0,0
S0867,2023-08-18,Saudi Arabia,48,29,32,17,90,12,28,1,0,501,4,22.5,0.13186813186813187,0,0,0
S0868,2022-08-23,UAE,42,9,53,22,29,3,3,1,1,861,4,7.25,0.1,0,0,1
S0869,2022-06-08,UAE,12,15,61,1,66,14,60,1,0,937,4,16.5,0.208955223880597,0,1,1
S0870,2023-07-22,Saudi Arabia,56,35,38,23,157,7,64,0,1,528,4,39.25,0.04430379746835443,1,1,0
S0871,2024-01-14,Saudi Arabia,4,26,74,15,108,11,27,0,0,352,4,27.0,0.10091743119266056,1,0,0
S0872,2022-08-13,Saudi Arabia,39,10,7,26,42,13,49,1,0,871,4,10.5,0.3023255813953488,0,1,0
S0873,2024-12-08,UAE,54,29,4,21,98,4,89,0,0,23,4,24.5,0.04040404040404041,1,1,1
S0874,2023-09-09,UAE,2,16,52,26,55,12,7,1,0,479,4,13.75,0.21428571428571427,0,0,1
S0875,2024-07-23,Saudi Arabia,26,36,31,23,64,6,33,0,1,161,4,16.0,0.09230769230769231,0,1,0
S0876,2024-11-24,Saudi Arabia,22,42,80,29,163,3,42,0,0,37,4,40.75,0.018292682926829267,1,1,0
S0877,2022-06-10,Saudi Arabia,27,37,36,8,51,5,17,0,0,935,4,12.75,0.09615384615384616,0,0,0
S0878,2024-06-27,Saudi Arabia,15,22,54,12,81,14,58,1,0,187,4,20.25,0.17073170731707318,0,1,0
S0879,2022-04-21,Saudi Arabia,8,7,54,25,143,9,26,1,0,985,4,35.75,0.0625,1,0,0
S0880,2022-09-10,UAE,7,23,17,22,103,7,15,0,1,843,4,25.75,0.0673076923076923,1,0,1
S0881,2022-05-17,Saudi Arabia,47,41,75,15,53,14,9,0,1,959,4,13.25,0.25925925925925924,0,0,0
S0882,2023-08-12,UAE,44,25,29,29,147,2,33,1,1,507,4,36.75,0.013513513513513514,1,1,1
S0883,2023-04-21,Saudi Arabia,40,29,22,9,100,13,21,0,0,620,4,25.0,0.12871287128712872,1,0,0
S0884,2022-10-11,Saudi Arabia,24,25,84,28,141,9,64,0,1,812,4,35.25,0.06338028169014084,1,1,0
S0885,2024-05-09,UAE,13,38,27,25,98,4,11,1,0,236,4,24.5,0.04040404040404041,1,0,1
S0886,2022-11-09,UAE,43,28,37,10,66,11,74,1,0,783,4,16.5,0.16417910447761194,0,1,1
S0887,2024-06-06,UAE,17,38,46,20,83,9,83,1,0,208,4,20.75,0.10714285714285714,0,1,1
S0888,2022-05-29,Saudi Arabia,17,31,35,9,48,12,50,1,0,947,4,12.0,0.24489795918367346,0,1,0
S0889,2024-09-01,Saudi Arabia,36,14,4,15,97,12,0,1,0,121,4,24.25,0.12244897959183673,1,0,0
S0890,2023-03-10,UAE,40,12,74,28,136,4,21,1,1,662,4,34.0,0.029197080291970802,1,0,1
S0891,2024-04-24,Saudi Arabia,8,9,19,21,128,14,66,1,0,251,4,32.0,0.10852713178294573,1,1,0
S0892,2024-03-26,Saudi Arabia,5,27,45,21,60,4,11,0,0,280,4,15.0,0.06557377049180328,0,0,0
S0893,2024-03-31,Saudi Arabia,26,24,26,1,92,8,29,1,0,275,4,23.0,0.08602150537634409,1,0,0
S0894,2023-01-27,Saudi Arabia,16,13,22,2,76,13,8,0,0,704,4,19.0,0.16883116883116883,0,0,0
S0895,2024-03-08,UAE,32,32,44,21,151,8,93,0,1,298,4,37.75,0.05263157894736842,1,1,1
S0896,2022-12-14,Saudi Arabia,28,29,63,19,67,5,60,1,0,748,4,16.75,0.07352941176470588,0,1,0
S0897,2024-04-02,Saudi Arabia,52,12,24,8,180,0,40,0,1,273,4,45.0,0.0,1,1,0
S0898,2023-07-12,Saudi Arabia,29,28,65,8,72,14,36,0,0,538,4,18.0,0.1917808219178082,0,1,0
S0899,2023-07-06,Saudi Arabia,47,8,44,6,89,5,64,1,0,544,4,22.25,0.05555555555555555,0,1,0
S0900,2024-12-28,Saudi Arabia,17,27,25,26,105,6,24,0,1,3,4,26.25,0.05660377358490566,1,0,0
S0901,2024-06-30,Saudi Arabia,37,29,37,26,141,6,48,1,0,184,4,35.25,0.04225352112676056,1,1,0
S0902,2024-08-16,Saudi Arabia,15,10,45,12,137,1,92,0,1,137,4,34.25,0.007246376811594203,1,1,0
S0903,2023-01-01,UAE,23,7,17,15,101,6,63,0,1,730,4,25.25,0.058823529411764705,1,1,1
S0904,2022-10-25,Saudi Arabia,16,36,40,14,102,5,78,1,0,798,4,25.5,0.04854368932038835,1,1,0
S0905,2022-09-15,Saudi Arabia,46,15,52,26,151,6,41,0,1,838,4,37.75,0.039473684210526314,1,1,0
S0906,2023-10-14,UAE,10,27,61,1,75,5,71,1,0,444,4,18.75,0.06578947368421052,0,1,1
S0907,2024-04-05,UAE,35,16,75,16,151,7,85,1,1,270,4,37.75,0.046052631578947366,1,1,1
S0908,2023-05-13,Saudi Arabia,27,35,40,25,175,6,62,1,1,598,4,43.75,0.03409090909090909,1,1,0
S0909,2024-03-09,Saudi Arabia,52,9,75,3,82,14,78,0,0,297,4,20.5,0.1686746987951807,0,1,0
S0910,2023-07-27,Saudi Arabia,37,27,61,19,54,7,30,0,0,523,4,13.5,0.12727272727272726,0,0,0
S0911,2024-07-06,UAE,21,30,35,27,159,8,100,0,1,178,4,39.75,0.05,1,1,1
S0912,2024-05-17,UAE,3,23,2,20,91,4,57,0,0,228,4,22.75,0.043478260869565216,1,1,1
S0913,2022-07-21,UAE,15,10,72,2,71,2,81,0,0,894,4,17.75,0.027777777777777776,0,1,1
S0914,2023-10-24,Saudi Arabia,36,25,43,25,110,6,3,1,0,434,4,27.5,0.05405405405405406,1,0,0
S0915,2023-05-01,UAE,47,3,42,26,60,10,21,1,0,610,4,15.0,0.16393442622950818,0,0,1
S0916,2022-04-08,Saudi Arabia,46,6,77,7,93,3,2,1,1,998,4,23.25,0.031914893617021274,1,0,0
S0917,2024-10-30,Saudi Arabia,52,6,57,8,86,13,78,1,0,62,4,21.5,0.14942528735632185,0,1,0
S0918,2024-12-14,Saudi Arabia,19,2,67,19,79,8,46,1,0,17,4,19.75,0.1,0,1,0
S0919,2023-10-20,UAE,13,18,30,22,85,6,37,0,0,438,4,21.25,0.06976744186046512,0,1,1
S0920,2022-06-26,Saudi Arabia,42,23,13,15,99,3,32,1,0,919,4,24.75,0.03,1,1,0
S0921,2022-10-29,UAE,21,2,19,10,82,9,77,1,1,794,4,20.5,0.10843373493975904,0,1,1
S0922,2022-05-11,Saudi Arabia,34,11,46,12,166,5,118,0,1,965,4,41.5,0.029940119760479042,1,1,0
S0923,2024-05-21,Saudi Arabia,27,22,9,1,64,14,64,0,0,224,4,16.0,0.2153846153846154,0,1,0
S0924,2023-08-28,Saudi Arabia,52,37,54,6,99,14,25,0,1,491,4,24.75,0.14,1,0,0
S0925,2023-06-08,Saudi Arabia,29,20,61,13,85,7,7,1,0,572,4,21.25,0.08139534883720931,0,0,0
S0926,2023-07-05,UAE,20,39,2,14,99,5,49,1,0,545,4,24.75,0.05,1,1,1
S0927,2023-04-08,Saudi Arabia,25,24,50,3,88,14,79,1,0,633,4,22.0,0.15730337078651685,0,1,0
S0928,2022-07-07,UAE,22,31,31,23,152,5,58,0,0,908,4,38.0,0.032679738562091505,1,1,1
S0929,2023-03-12,UAE,15,35,47,14,146,5,53,1,1,660,4,36.5,0.034013605442176874,1,1,1
S0930,2024-09-20,UAE,2,1,33,19,87,4,41,1,0,102,4,21.75,0.045454545454545456,0,1,1
S0931,2023-10-23,Saudi Arabia,22,17,78,10,71,8,36,1,0,435,4,17.75,0.1111111111111111,0,1,0
S0932,2023-03-18,Saudi Arabia,32,1,11,27,54,4,25,1,0,654,4,13.5,0.07272727272727272,0,0,0
S0933,2024-05-22,Saudi Arabia,16,30,33,15,102,14,11,0,1,223,4,25.5,0.13592233009708737,1,0,0
S0934,2022-12-04,UAE,18,41,7,11,43,6,83,1,0,758,4,10.75,0.13636363636363635,0,1,1
S0935,2022-04-20,UAE,5,3,31,15,58,11,48,1,0,986,4,14.5,0.1864406779661017,0,1,1
S0936,2023-02-16,Saudi Arabia,54,11,48,26,112,7,13,0,0,684,4,28.0,0.061946902654867256,1,0,0
S0937,2023-11-28,UAE,19,33,76,19,120,3,117,1,1,399,4,30.0,0.024793388429752067,1,1,1
S0938,2023-04-29,Saudi Arabia,30,22,78,24,45,5,34,0,0,612,4,11.25,0.10869565217391304,0,1,0
S0939,2023-01-05,UAE,45,26,53,13,67,7,28,1,0,726,4,16.75,0.10294117647058823,0,0,1
S0940,2022-09-20,Saudi Arabia,54,33,42,16,159,7,95,0,1,833,4,39.75,0.04375,1,1,0
S0941,2024-07-25,UAE,23,1,6,4,128,8,81,1,0,159,4,32.0,0.06201550387596899,1,1,1
S0942,2024-12-24,Saudi Arabia,34,24,49,13,43,8,43,0,1,7,4,10.75,0.18181818181818182,0,1,0
S0943,2024-01-13,UAE,13,10,73,9,66,5,65,1,1,353,4,16.5,0.07462686567164178,0,1,1
S0944,2024-07-03,UAE,43,35,50,25,85,3,1,0,0,181,4,21.25,0.03488372093023256,0,0,1
S0945,2023-08-04,UAE,54,24,12,17,85,12,58,1,0,515,4,21.25,0.13953488372093023,0,1,1
S0946,2024-12-12,Saudi Arabia,32,20,25,23,141,8,32,0,1,19,4,35.25,0.056338028169014086,1,1,0
S0947,2023-08-24,Saudi Arabia,36,36,54,24,107,4,9,1,0,495,4,26.75,0.037037037037037035,1,0,0
S0948,2024-07-16,Saudi Arabia,22,16,69,5,92,2,17,0,0,168,4,23.0,0.021505376344086023,1,0,0
S0949,2022-12-06,Saudi Arabia,25,27,44,19,129,0,74,0,0,756,4,32.25,0.0,1,1,0
S0950,2023-10-25,Saudi Arabia,52,16,36,7,68,11,82,1,0,433,4,17.0,0.15942028985507245,0,1,0
S0951,2024-08-29,UAE,47,17,3,1,115,10,57,1,0,124,4,28.75,0.08620689655172414,1,1,1
S0952,2023-10-21,Saudi Arabia,36,15,58,26,88,13,52,1,1,437,4,22.0,0.14606741573033707,0,1,0
S0953,2024-02-22,Saudi Arabia,9,16,55,12,110,9,0,0,0,313,4,27.5,0.08108108108108109,1,0,0
S0954,2022-10-13,Saudi Arabia,26,27,79,26,127,3,62,0,1,810,4,31.75,0.0234375,1,1,0
S0955,2024-05-28,Saudi Arabia,51,34,17,11,96,7,60,1,1,217,4,24.0,0.07216494845360824,1,1,0
S0956,2024-03-06,UAE,19,11,39,12,81,2,88,1,0,300,4,20.25,0.024390243902439025,0,1,1
S0957,2023-07-26,Saudi Arabia,38,1,68,19,70,3,30,1,0,524,4,17.5,0.04225352112676056,0,0,0
S0958,2024-02-17,UAE,46,18,57,29,192,9,110,0,1,318,4,48.0,0.046632124352331605,1,1,1
S0959,2023-08-30,Saudi Arabia,52,26,45,12,68,4,65,1,0,489,4,17.0,0.057971014492753624,0,1,0
S0960,2022-06-04,UAE,47,4,76,12,55,2,18,1,1,941,4,13.75,0.03571428571428571,0,0,1
S0961,2023-07-25,UAE,15,5,1,14,54,9,52,1,0,525,4,13.5,0.16363636363636364,0,1,1
S0962,2023-10-19,Saudi Arabia,41,13,58,23,157,2,103,0,1,439,4,39.25,0.012658227848101266,1,1,0
S0963,2024-08-10,UAE,9,13,21,2,83,5,73,0,0,143,4,20.75,0.05952380952380952,0,1,1
S0964,2024-04-23,Saudi Arabia,32,10,52,25,121,13,21,1,0,252,4,30.25,0.10655737704918032,1,0,0
S0965,2022-12-15,UAE,4,11,43,4,93,13,22,1,0,747,4,23.25,0.13829787234042554,1,0,1
S0966,2022-04-28,Saudi Arabia,50,18,52,20,47,10,86,1,0,978,4,11.75,0.20833333333333334,0,1,0
S0967,2023-02-14,UAE,18,34,67,23,83,12,14,0,0,686,4,20.75,0.14285714285714285,0,0,1
S0968,2023-07-10,UAE,5,39,44,26,100,5,25,1,0,540,4,25.0,0.04950495049504951,1,0,1
S0969,2022-09-14,UAE,25,24,37,11,152,0,31,0,0,839,4,38.0,0.0,1,1,1
S0970,2023-01-08,UAE,23,23,10,10,88,11,86,1,0,723,4,22.0,0.12359550561797752,0,1,1
S0971,2024-11-17,Saudi Arabia,11,7,64,13,83,2,19,0,0,44,4,20.75,0.023809523809523808,0,0,0
S0972,2022-10-15,Saudi Arabia,37,39,79,2,116,2,39,0,0,808,4,29.0,0.017094017094017096,1,1,0
S0973,2023-04-27,Saudi Arabia,49,35,43,8,163,6,76,1,1,614,4,40.75,0.036585365853658534,1,1,0
S0974,2024-06-20,Saudi Arabia,36,34,50,19,148,2,83,1,1,194,4,37.0,0.013422818791946308,1,1,0
S0975,2023-05-25,UAE,29,7,28,6,79,2,17,1,0,586,4,19.75,0.025,0,0,1
S0976,2023-08-11,Saudi Arabia,44,26,53,19,92,3,40,0,0,508,4,23.0,0.03225806451612903,1,1,0
S0977,2023-03-16,UAE,34,33,51,27,51,5,69,0,0,656,4,12.75,0.09615384615384616,0,1,1
S0978,2024-05-15,UAE,38,27,21,13,152,9,113,1,1,230,4,38.0,0.058823529411764705,1,1,1
S0979,2023-02-09,UAE,42,15,4,20,53,3,14,1,0,691,4,13.25,0.05555555555555555,0,0,1
S0980,2024-01-28,Saudi Arabia,9,2,79,19,133,9,36,1,1,338,4,33.25,0.06716417910447761,1,1,0
S0981,2022-08-15,UAE,46,11,62,21,142,9,118,0,1,869,4,35.5,0.06293706293706294,1,1,1
S0982,2024-01-30,UAE,29,42,50,20,154,8,61,0,0,336,4,38.5,0.05161290322580645,1,1,1
S0983,2024-08-25,Saudi Arabia,7,32,74,10,119,10,72,1,1,128,4,29.75,0.08333333333333333,1,1,0
S0984,2022-07-15,UAE,4,4,47,3,45,7,6,1,0,900,4,11.25,0.15217391304347827,0,0,1
S0985,2023-04-14,UAE,19,20,56,6,83,5,40,1,0,627,4,20.75,0.05952380952380952,0,1,1
S0986,2022-07-03,Saudi Arabia,42,36,23,15,83,7,83,0,0,912,4,20.75,0.08333333333333333,0,1,0
S0987,2023-07-09,Saudi Arabia,30,32,18,23,67,5,9,0,0,541,4,16.75,0.07352941176470588,0,0,0
S0988,2023-03-03,Saudi Arabia,35,35,29,6,146,3,103,0,1,669,4,36.5,0.02040816326530612,1,1,0
S0989,2022-11-07,Saudi Arabia,35,13,35,18,92,10,25,1,0,785,4,23.0,0.10752688172043011,1,0,0
S0990,2023-07-17,Saudi Arabia,21,1,64,14,102,4,67,1,0,533,4,25.5,0.038834951456310676,1,1,0
S0991,2022-08-06,Saudi Arabia,31,35,58,19,123,4,23,1,0,878,4,30.75,0.03225806451612903,1,0,0
S0992,2023-12-12,Saudi Arabia,19,30,59,26,73,3,77,0,1,385,4,18.25,0.04054054054054054,0,1,0
S0993,2022-04-27,Saudi Arabia,31,36,1,10,91,2,40,0,0,979,4,22.75,0.021739130434782608,1,1,0
S0994,2024-03-07,UAE,53,25,3,15,75,2,64,0,0,299,4,18.75,0.02631578947368421,0,1,1
S0995,2022-06-17,Saudi Arabia,32,16,67,4,99,14,16,0,0,928,4,24.75,0.14,1,0,0
S0996,2022-07-22,UAE,2,19,37,23,110,4,23,1,0,893,4,27.5,0.036036036036036036,1,0,1
S0997,2023-01-02,Saudi Arabia,52,1,29,2,53,8,26,1,0,729,4,13.25,0.14814814814814814,0,0,0
S0998,2024-08-14,Saudi Arabia,57,25,57,14,154,6,46,0,1,139,4,38.5,0.03870967741935484,1,1,0
S0999,2023-06-16,Saudi Arabia,39,17,61,29,152,5,96,0,1,564,4,38.0,0.032679738562091505,1,1,0
S1000,2022-07-18,Saudi Arabia,2,24,4,23,42,3,11,1,0,897,4,10.5,0.06976744186046512,0,0,0
